/*
SQLyog 企业版 - MySQL GUI v8.14 
MySQL - 5.7.18-log : Database - xm_4_z
*********************************************************************
*/

/*!40101 SET NAMES utf8 */;

/*!40101 SET SQL_MODE=''*/;

/*!40014 SET @OLD_UNIQUE_CHECKS=@@UNIQUE_CHECKS, UNIQUE_CHECKS=0 */;
/*!40014 SET @OLD_FOREIGN_KEY_CHECKS=@@FOREIGN_KEY_CHECKS, FOREIGN_KEY_CHECKS=0 */;
/*!40101 SET @OLD_SQL_MODE=@@SQL_MODE, SQL_MODE='NO_AUTO_VALUE_ON_ZERO' */;
/*!40111 SET @OLD_SQL_NOTES=@@SQL_NOTES, SQL_NOTES=0 */;
CREATE DATABASE /*!32312 IF NOT EXISTS*/`xm_4_z` /*!40100 DEFAULT CHARACTER SET utf8 */;

USE `xm_4_z`;

/*Table structure for table `order_cart` */

DROP TABLE IF EXISTS `order_cart`;

CREATE TABLE `order_cart` (
  `o_id` int(11) NOT NULL AUTO_INCREMENT,
  `o_g_id` varchar(2000) NOT NULL,
  `o_u_id` varchar(2000) NOT NULL,
  `o_class_num` varchar(200) NOT NULL,
  PRIMARY KEY (`o_id`)
) ENGINE=InnoDB AUTO_INCREMENT=193 DEFAULT CHARSET=utf8;

/*Data for the table `order_cart` */

insert  into `order_cart`(`o_id`,`o_g_id`,`o_u_id`,`o_class_num`) values (150,'21','18349107446','1'),(151,'21','12345678911','17'),(186,'23','12345678911','9'),(190,'1','18349107446','1');

/*Table structure for table `order_detail` */

DROP TABLE IF EXISTS `order_detail`;

CREATE TABLE `order_detail` (
  `order_detail_id` int(11) NOT NULL AUTO_INCREMENT,
  `ord_o_id` varchar(2000) NOT NULL,
  `fee_money` decimal(8,2) NOT NULL,
  `modified_time` datetime NOT NULL,
  `ord_ord_id` varchar(2000) NOT NULL,
  `order_class_num` int(11) DEFAULT NULL,
  PRIMARY KEY (`order_detail_id`)
) ENGINE=InnoDB AUTO_INCREMENT=324 DEFAULT CHARSET=utf8;

/*Data for the table `order_detail` */

insert  into `order_detail`(`order_detail_id`,`ord_o_id`,`fee_money`,`modified_time`,`ord_ord_id`,`order_class_num`) values (220,'1','0.00','2019-02-23 17:00:51','1550912451119',1),(221,'22','0.00','2019-02-23 17:00:51','1550912451119',1),(222,'23','0.00','2019-02-23 17:00:51','1550912451119',1),(223,'23','0.00','2019-02-23 17:13:44','1550933604804',2),(224,'1','0.00','2019-02-23 17:20:26','1550913625956',1),(225,'1','0.00','2019-02-23 17:22:57','1550913776986',1),(226,'1','0.00','2019-02-23 17:28:07','1550914086491',1),(227,'1','0.00','2019-02-23 17:29:54','1550914194166',1),(228,'22','0.00','2019-02-23 17:30:08','1550914208086',1),(229,'1','0.00','2019-02-23 17:31:54','1550914194166',1),(230,'52','0.00','2019-02-23 17:33:28','1550914408325',1),(231,'1','0.00','2019-02-23 17:35:06','1550914505967',1),(232,'1','0.00','2019-02-23 17:37:06','1550914505967',1),(233,'1','0.00','2019-02-23 17:40:25','1550914825440',1),(234,'1','0.00','2019-02-23 17:45:06','1550915105997',1),(235,'21','0.00','2019-02-23 17:52:09','1550915529892',1),(236,'23','0.00','2019-02-23 17:55:39','1550915739890',1),(237,'1','0.00','2019-02-23 18:00:08','1550916008014',1),(238,'1','0.00','2019-02-23 18:01:02','1550916061638',1),(239,'1','0.00','2019-02-23 18:01:51','1550916110638',1),(240,'1','0.00','2019-02-23 18:02:08','1550916128326',1),(241,'1','0.00','2019-02-23 18:03:51','1550916110638',1),(242,'1','0.00','2019-02-23 18:04:48','1550916287535',1),(243,'1','0.00','2019-02-23 18:05:35','1550916335198',1),(244,'23','0.00','2019-02-23 18:06:00','1550916360841',1),(245,'22','0.00','2019-02-23 18:10:01','1550916601890',1),(246,'1','0.00','2019-02-23 18:14:26','1550916866311',1),(247,'1','0.00','2019-02-23 18:14:48','1550916887959',1),(248,'21','0.00','2019-02-23 18:15:40','1550916940242',1),(249,'22','0.00','2019-02-23 18:16:51','1550917011865',1),(250,'1','0.00','2019-02-23 18:18:44','1550917123959',1),(251,'23','0.00','2019-02-23 18:18:54','1550917134985',1),(252,'23','0.00','2019-02-23 18:20:41','1550917241803',1),(253,'1','0.00','2019-02-23 18:28:09','1550917688953',1),(254,'1','0.00','2019-02-23 18:30:09','1550917688953',1),(255,'1','0.00','2019-02-23 18:31:26','1550917885911',1),(256,'1','0.00','2019-02-23 18:33:35','1550918014761',1),(257,'1','0.00','2019-02-23 18:36:26','1550918186203',1),(258,'1','0.00','2019-02-23 18:38:26','1550918186203',1),(259,'1','0.00','2019-02-23 18:39:28','1550918367922',1),(260,'22','0.00','2019-02-23 18:43:31','1550918610667',1),(261,'23','0.00','2019-02-23 18:43:31','1550918610667',2),(262,'23','0.00','2019-02-23 18:44:45','1550918685449',2),(263,'22','0.00','2019-02-23 18:45:04','1550918703841',1),(264,'23','0.00','2019-02-23 18:45:04','1550918703841',2),(265,'23','0.00','2019-02-23 18:45:31','1550918610667',2),(266,'22','0.00','2019-02-23 18:45:31','1550918610667',1),(267,'23','0.00','2019-02-23 18:47:32','1550918852145',2),(268,'22','0.00','2019-02-23 18:47:32','1550918852145',1),(269,'22','0.00','2019-02-23 19:34:54','1550921694078',1),(270,'23','0.00','2019-02-23 19:34:54','1550921694078',2),(271,'22','0.00','2019-02-23 19:36:54','1550921694078',1),(272,'23','0.00','2019-02-23 19:36:54','1550921694078',2),(273,'22','0.00','2019-02-23 19:40:24','1550922024159',1),(274,'23','0.00','2019-02-23 19:40:24','1550922024159',2),(275,'22','0.00','2019-02-21 21:29:44','1550776447125',2),(276,'22','0.00','2019-02-23 20:44:25','1550925865371',1),(277,'23','0.00','2019-02-23 12:54:34','1550926473669',2),(278,'2','0.00','2019-02-23 12:54:34','1550926473669',3),(279,'2','0.00','2019-02-23 21:18:00','1550927907415',3),(280,'23','0.00','2019-02-23 21:22:00','1550928152333',2),(281,'5','0.00','2019-02-23 21:22:00','1550928152333',3),(282,'23','0.00','2019-02-23 12:54:34','1550926473669',2),(283,'2','0.00','2019-02-23 12:54:34','1550926473669',3),(284,'5','0.00','2019-02-23 21:30:00','1550928634112',3),(285,'5','0.00','2019-02-23 21:30:00','1550928634112',3),(286,'21','0.00','2019-02-23 21:49:53','1550929792590',1),(287,'23','0.00','2019-02-23 21:50:12','1550929812877',1),(288,'4','0.00','2019-02-23 21:52:00','1550929950092',3),(289,'4','0.00','2019-02-23 21:52:00','1550929950092',3),(290,'20','0.00','2019-02-23 22:44:07','1550933046516',3),(291,'21','0.00','2019-02-23 22:44:42','1550933082269',3),(292,'20','0.00','2019-02-23 22:44:42','1550933082282',3),(293,'21','0.00','2019-02-23 22:45:52','1550933151717',3),(294,'20','0.00','2019-02-23 22:45:52','1550933151726',3),(295,'4','0.00','2019-02-23 22:49:02','1550933341820',3),(296,'24','0.00','2019-02-23 22:49:02','1550933341820',3),(298,'20','0.00','2019-02-23 22:53:25','1550933604804',3),(299,'21','0.00','2019-02-23 23:00:57','1550934057066',3),(300,'4','0.00','2019-02-23 23:00:57','1550934057061',3),(301,'4','0.00','2019-02-23 23:02:57','1550934177084',3),(302,'21','0.00','2019-02-23 23:02:57','1550934177094',3),(303,'21','0.00','2019-02-24 00:44:18','1550940257748',3),(304,'4','0.00','2019-02-24 00:44:18','1550940257748',3),(305,'24','0.00','2019-02-24 00:46:26','1550940385988',3),(306,'20','0.00','2019-02-24 00:46:39','1550940399151',3),(307,'24','0.00','2019-02-24 00:46:39','1550940399151',3),(308,'24','0.00','2019-02-24 01:21:14','1550942474274',3),(309,'20','0.00','2019-02-24 01:21:14','1550942474274',3),(310,'4','0.00','2019-02-24 01:26:15','1550942771919',3),(311,'21','0.00','2019-02-24 01:26:15','1550942771919',3),(312,'21','0.00','2019-02-24 01:29:49','1550942985419',3),(313,'20','0.00','2019-02-24 01:29:49','1550942985419',3),(314,'21','0.00','2019-02-24 01:31:49','1550942985419',3),(315,'20','0.00','2019-02-24 01:31:49','1550942985419',3),(316,'24','0.00','2019-02-24 01:33:52','1550943223837',2),(317,'23','0.00','2019-02-25 09:02:42','1551056562528',1),(318,'4','0.00','2019-02-25 09:25:55','1551057950445',3),(319,'20','0.00','2019-02-25 09:25:55','1551057950445',9),(320,'2','0.00','2019-02-25 09:29:47','1551058181146',9),(321,'20','0.00','2019-02-25 09:29:47','1551058181146',9),(322,'20','0.00','2019-02-25 09:52:05','1551059509851',9),(323,'2','0.00','2019-02-25 09:52:05','1551059509851',9);

/*Table structure for table `t_address` */

DROP TABLE IF EXISTS `t_address`;

CREATE TABLE `t_address` (
  `a_id` int(11) NOT NULL AUTO_INCREMENT,
  `a_u_id` int(11) NOT NULL,
  `a_province` varchar(40) NOT NULL,
  `a_city` varchar(40) NOT NULL,
  `a_area` varchar(40) DEFAULT NULL,
  `a_address` varchar(80) NOT NULL,
  `a_people` varchar(50) NOT NULL,
  `a_phone` char(11) NOT NULL,
  `a_phone2` char(7) DEFAULT NULL,
  `setDefault` char(10) DEFAULT NULL,
  `zipCode` char(6) DEFAULT NULL,
  PRIMARY KEY (`a_id`)
) ENGINE=InnoDB AUTO_INCREMENT=28 DEFAULT CHARSET=utf8;

/*Data for the table `t_address` */

insert  into `t_address`(`a_id`,`a_u_id`,`a_province`,`a_city`,`a_area`,`a_address`,`a_people`,`a_phone`,`a_phone2`,`setDefault`,`zipCode`) values (1,1,'四川','成都市','华阳区','国信安','思无邪','18349107446',NULL,'1','000000'),(2,2,'四川','成都市','华阳区','国信安','无聊到底','18349107555',NULL,'1','000000'),(3,3,'四川','成都','华阳区','国信安','一反木绵','18349107486',NULL,'1','000000'),(16,4,'重庆','市辖区','万州区','华兴巷','33333333','13222222222','NULL','0','000000'),(17,4,'重庆','市辖区','万州区','宝兴巷','孟华','15232323232','NULL','0','000000'),(18,4,'广东','珠海市','斗门区','国信安','阿狸','13333333333','NULL','1','000000'),(22,24,'贵州','安顺市','镇宁布依族苗族自治县','一号门','fyp','18349107446','NULL','1','111111'),(27,35,'四川','成都市','青羊区','美院','思无邪','18349107446','NULL','1','000000');

/*Table structure for table `t_category` */

DROP TABLE IF EXISTS `t_category`;

CREATE TABLE `t_category` (
  `category_id` int(10) NOT NULL AUTO_INCREMENT,
  `category_name` varchar(50) DEFAULT NULL,
  `category_info` varchar(500) DEFAULT NULL,
  PRIMARY KEY (`category_id`)
) ENGINE=InnoDB AUTO_INCREMENT=25 DEFAULT CHARSET=utf8;

/*Data for the table `t_category` */

insert  into `t_category`(`category_id`,`category_name`,`category_info`) values (1,'卸妆','卸妆是肌肤护理中非常重要的一个步骤。法国希思黎的卸妆产品在卸除彩妆污垢的同时，轻柔呵护您的肌肤，保护肌肤不受伤害。希思黎为您提供不同类型、不同质地的卸妆产品，不论是卸妆水或洁肤乳，细心的法国希思黎都能满足您的需求，更为您柔嫩的眼部肌肤提供了独特的卸妆需求'),(2,'洁面','每日早晚认真清洁肌肤是您肌肤护理中必不可少的部分。法国希思黎为各种不同肤质提供了一系列面部清洁产品。天然温和的法国希思黎洁面产品含有多种植物精粹，适合各种肌肤类型。'),(3,'化妆水','为了使肌肤倍感水润、清爽、舒适，法国希思黎为面部提供了不同种类的化妆水。法国希思黎化妆水中蕴含的多种植物精粹，一直因其出色的护肤效果深受使用者肯定。在化妆水的作用下，肌肤的机能得以促进，能更好地吸收后续的日常护肤产品。'),(4,'保湿滋润','每日早晚认真清洁肌肤是您肌肤护理中必不可少的部分。法国希思黎为各种不同肤质提供了一系列面部清洁产品。天然温和的法国希思黎洁面产品含有多种植物精粹，适合各种肌肤类型。'),(5,'去除角质','定期去角质能够去除肌肤中的杂质并舒缓镇定表皮肌肤，让后续保湿、抗老、助晒护肤产品能够更好吸收。蕴含多种植物精粹的法国希思黎身体去角质系列产品能够温和清洁皮肤中的杂质污垢，柔润您的肌肤。'),(6,'塑身纤体','为了对抗脂肪团的形成、顽固脂肪的堆积和皮肤松弛，法国希思黎研发出了蕴含多种植物精粹的美体塑身产品。用最尖端科技配比出的成分能够击垮脂肪积聚，有效排水肿，让肌肤立现美丽动人的曲线。使用后身体轮廓得以重塑，肌肤越显平滑滋润。'),(7,'面部防晒','为了高效保护您的肌肤不受阳光紫外线的损伤，法国希思黎研发出一系列卓效的防晒护理产品。它们质地轻薄不油腻，能够快速被肌肤吸收，使用时舒适无负担，具有超凡的防晒功效，并且使肌肤长效保湿。'),(8,'身体防晒','为了高效保护您的肌肤不受阳光紫外线的损伤，法国希思黎研发出一系列卓效的防晒护理产品。它们质地轻薄不油腻，能够快速被肌肤吸收，使用时舒适无负担，具有超凡的防晒功效，并且使肌肤长效保湿。'),(9,'抗皱御龄','每日早晚认真清洁肌肤是您肌肤护理中必不可少的部分。法国希思黎为各种不同肤质提供了一系列面部清洁产品。天然温和的法国希思黎洁面产品含有多种植物精粹，适合各种肌肤类型。'),(10,'紧致提拉','每日早晚认真清洁肌肤是您肌肤护理中必不可少的部分。法国希思黎为各种不同肤质提供了一系列面部清洁产品。天然温和的法国希思黎洁面产品含有多种植物精粹，适合各种肌肤类型。'),(11,'亮泽美白','每日早晚认真清洁肌肤是您肌肤护理中必不可少的部分。法国希思黎为各种不同肤质提供了一系列面部清洁产品。天然温和的法国希思黎洁面产品含有多种植物精粹，适合各种肌肤类型。'),(12,'隔离底霜','为了使肤色均匀，修饰瑕疵，让肌肤亮泽动人，法国希思黎为您提供所有适应您肌肤需求的粉底液。 法国希思黎粉底液质地丰富，从哑光到珠光，乳液质地到霜状质地，完美适应您所追求的所有妆容效果， 在呵护您脆弱肌肤的同时，使您肤色均匀，完美无瑕。'),(13,'粉底','为了使肤色均匀，修饰瑕疵，让肌肤亮泽动人，法国希思黎为您提供所有适应您肌肤需求的粉底液。 法国希思黎粉底液质地丰富，从哑光到珠光，乳液质地到霜状质地，完美适应您所追求的所有妆容效果， 在呵护您脆弱肌肤的同时，使您肤色均匀，完美无瑕。'),(14,'腮红修容','为了在美肌肌肤和年轻妆容添上点睛之笔，法国希思黎为您提供了粉质细腻轻薄的腮红产品，具有独特光漫四射的色彩效果。这些炫彩亮丽的腮红能够很好地混合并自然地融化进您的双颊，巧妙地雕刻您的脸庞。'),(15,'遮瑕','每日早晚认真清洁肌肤是您肌肤护理中必不可少的部分。法国希思黎为各种不同肤质提供了一系列面部清洁产品。天然温和的法国希思黎洁面产品含有多种植物精粹，适合各种肌肤类型。'),(16,'眉笔','勾画得当的眉毛可以很好地修饰脸型。法国希思黎提供了在您细细勾画时可以高度准确地修正您眉形的眉笔。'),(17,'眼线','使用眼线可以使眼睛更加明亮深邃。法国希思黎为您提供质地舒服、顺滑、持久的眼线笔，画出的线条清爽而又精致。您可以根据您想创造的妆容效果选择哑光或闪光类型的眼线笔。经专业眼科测试，法国希思黎的眼线笔适用于所有眼部敏感者和隐形眼镜佩戴者。'),(18,'唇线','唇线笔的使用可以为您重塑唇部轮廓并更好锁住唇膏不溢出。法国希思黎为您提供富含保湿、滋养、柔软双唇的活性成分的唇线笔。丝滑一笔，即可简单精准地勾勒出令人羡慕的美好双唇曲线。'),(19,'唇膏','为了一步就可以使您的双唇美丽可人，探索法国希思黎唇膏系列产品。富含植物精粹质地柔软舒适的法国希思黎唇膏能够高效呵护保湿您的双唇。寻找更多色彩鲜艳妆效持久的唇膏。'),(20,'唇蜜','为了使您的双唇看起来盈亮丰满，法国希思黎为您提供了一系列植物唇蜜。添加了保湿呵护成分、质地令人喜爱的法国希思黎唇蜜拥有独特的闪光技术和清新诱人的色彩，使您的笑容从此光彩夺目，令人难以抗拒。'),(21,'控油持妆','每日早晚认真清洁肌肤是您肌肤护理中必不可少的部分。法国希思黎为各种不同肤质提供了一系列面部清洁产品。天然温和的法国希思黎洁面产品含有多种植物精粹，适合各种肌肤类型。'),(22,'细致立体妆容','每日早晚认真清洁肌肤是您肌肤护理中必不可少的部分。法国希思黎为各种不同肤质提供了一系列面部清洁产品。天然温和的法国希思黎洁面产品含有多种植物精粹，适合各种肌肤类型。'),(23,'丰盈双唇','每日早晚认真清洁肌肤是您肌肤护理中必不可少的部分。法国希思黎为各种不同肤质提供了一系列面部清洁产品。天然温和的法国希思黎洁面产品含有多种植物精粹，适合各种肌肤类型。'),(24,'绿野芳踪','绵绵悠扬、魅惑动人的香水只献给精致浪漫的女人……法国希思黎香水味道超凡脱俗，是高贵优雅与女人气味的完美融合。');

/*Table structure for table `t_class` */

DROP TABLE IF EXISTS `t_class`;

CREATE TABLE `t_class` (
  `c_id` int(11) NOT NULL AUTO_INCREMENT,
  `c_name` varchar(50) DEFAULT NULL,
  PRIMARY KEY (`c_id`)
) ENGINE=InnoDB AUTO_INCREMENT=14 DEFAULT CHARSET=utf8;

/*Data for the table `t_class` */

insert  into `t_class`(`c_id`,`c_name`) values (1,'面部'),(2,'身体护理'),(3,'防嗮'),(4,'肌肤问题'),(5,'脸部彩妆'),(6,'眼部彩妆'),(7,'唇部'),(8,'妆容问题'),(9,'女士香氛'),(10,'情侣香水'),(11,'男士香氛'),(12,'香氛蜡烛'),(13,'脸部保养');

/*Table structure for table `t_comment` */

DROP TABLE IF EXISTS `t_comment`;

CREATE TABLE `t_comment` (
  `cc_id` int(11) DEFAULT NULL,
  `comment_id` int(11) DEFAULT NULL,
  `comment_name` varchar(100) DEFAULT NULL,
  `comment_content` varchar(500) DEFAULT NULL,
  `comment_time` int(11) DEFAULT NULL,
  `comment_chinese` varchar(500) DEFAULT NULL
) ENGINE=InnoDB DEFAULT CHARSET=utf8;

/*Data for the table `t_comment` */

/*Table structure for table `t_comment_t` */

DROP TABLE IF EXISTS `t_comment_t`;

CREATE TABLE `t_comment_t` (
  `cc_id` int(11) NOT NULL AUTO_INCREMENT,
  `comment_id` int(11) DEFAULT NULL,
  `comment_name` varchar(100) DEFAULT NULL,
  `comment_content` varchar(500) DEFAULT NULL,
  `comment_time` varchar(50) DEFAULT NULL,
  `comment_chinese` varchar(500) DEFAULT NULL,
  PRIMARY KEY (`cc_id`)
) ENGINE=InnoDB AUTO_INCREMENT=14 DEFAULT CHARSET=utf8;

/*Data for the table `t_comment_t` */

insert  into `t_comment_t`(`cc_id`,`comment_id`,`comment_name`,`comment_content`,`comment_time`,`comment_chinese`) values (1,21,'小思思','产品很好用,下次继续购买。','2019/2/21 上午9:57:23','希思黎睛采眼部遮瑕笔'),(2,22,'无邪','很满意','2019/2/21 上午9:57:23','希思黎温和角质调理霜'),(3,23,'三个','给99分','2019/2/21 上午9:57:23','希思黎焕白淡斑精华露'),(4,24,'阿里','为你转身','2019/2/21 上午9:57:23','希思黎抗皱修活御致臻颜霜'),(5,21,'王炸','值得购买的产品','2019/2/21 上午8:57:23','希思黎睛采眼部遮瑕笔'),(6,21,'要不起','垃圾产品，千万别买。','2019/2/21 上午8:57:23','希思黎睛采眼部遮瑕笔'),(7,21,'丝带儿','法国品牌，值得信赖','2019/2/21 上午7:57:23','希思黎睛采眼部遮瑕笔'),(12,53,'fyp','很好用','2019-2-21 21:44:29','柔软刷毛 方便携带'),(13,4,'测试用1','jjjjjj','2019-2-23 15:46:52','清洁护理');

/*Table structure for table `t_details` */

DROP TABLE IF EXISTS `t_details`;

CREATE TABLE `t_details` (
  `d_id` int(11) NOT NULL AUTO_INCREMENT,
  `d_type` varchar(50) DEFAULT NULL,
  `d_chinese` varchar(50) NOT NULL,
  `d_english` varchar(50) DEFAULT NULL,
  `d_brief` varchar(200) DEFAULT NULL,
  `d_describe` varchar(800) DEFAULT NULL,
  `d_explain` varchar(200) DEFAULT NULL,
  `d_effect` varchar(200) DEFAULT NULL,
  `d_component` varchar(200) DEFAULT NULL,
  `d_capacity` varchar(50) DEFAULT NULL,
  `d_price` int(11) DEFAULT NULL,
  `d_bigSrc` varchar(200) DEFAULT NULL,
  `d_smallSrc` varchar(200) DEFAULT NULL,
  PRIMARY KEY (`d_id`)
) ENGINE=InnoDB AUTO_INCREMENT=83 DEFAULT CHARSET=utf8;

/*Data for the table `t_details` */

insert  into `t_details`(`d_id`,`d_type`,`d_chinese`,`d_english`,`d_brief`,`d_describe`,`d_explain`,`d_effect`,`d_component`,`d_capacity`,`d_price`,`d_bigSrc`,`d_smallSrc`) values (1,'明星产品','希思黎全能乳液','SISLEY ECOLOGICAL COMPOUND','2017年荣获众多美容奖项（Cosmo，RAYLI，ONLYLADY，SELF，INSTYLE等）','全能乳液能活化及滋润肌肤。配方蕴含多种植物活性成分 (积雪草、人参、迷迭香、蛇麻草等) ，具有促进肌肤微循环、焕肤的功效\n- 保湿，重获舒适光采；asd \n- 对抗环境污染伤害(污染、香烟等) \nasd- 调节及恢复肌肤弹性，帮助后续护肤品更好的吸收asd\n- 乳液质地清爽不油腻，令肌肤清爽舒适\n限时加享：asd\n赋活聚水保湿乳asd	4ml\n全日呵护精华乳asd	4ml\n致臻夜间修护眼部精华露asd	1ml\n毛孔紧致无瑕精华露asd	2m','每天早晚，运用轻柔按摩的手法，将本品涂抹在清洁干燥的脸部和颈部肌肤上','肌肤全面赋活，柔嫩有弹性。','人参：更新再生；迷迭香：均匀肤色，激发肌肤活力；蛇麻草：激发活力；马尾草：补充矿物质，改善肤色；积雪草：促进肌肤再生，激发肌肤活力','125ml',1720,'1063x1063_1.jpg','3473311141002-min.jpg'),(2,'明星产品','希思黎全能乳液60ML','SISLEY ECOLOGICAL COMPOUND','可针对所有肌肤类型达到活化、保湿与平衡的作用','全能乳液能活化及滋润肌肤。配方蕴含多种植物活性成分 (积雪草、人参、迷迭香、蛇麻草等) ，具有促进肌肤微循环、焕肤的功效\n- 保湿，重获舒适光采； \n- 对抗环境污染伤害(污染、香烟等) \n- 调节及恢复肌肤弹性，帮助后续护肤品更好的吸收\n- 乳液质地清爽不油腻，令肌肤清爽舒适\n限时加享：\n赋活聚水保湿乳	4ml\n全日呵护精华乳	4ml\n致臻夜间修护眼部精华露	1ml\n毛孔紧致无瑕精华露	2m','每天早晚，运用轻柔按摩的手法，将本品涂抹在清洁干燥的脸部和颈部肌肤上','肌肤全面赋活，柔嫩有弹性。','人参：更新再生；迷迭香：均匀肤色，激发肌肤活力；蛇麻草：激发活力；马尾草：补充矿物质，改善肤色；积雪草：促进肌肤再生，激发肌肤活力','125ml',1720,'1063x1063_1.jpg','3473311141002-min.jpg'),(3,'明星产品','希思黎黑玫瑰珍宠滋养精华油','SISLEY BLACK ROSE PRECIOUS FACE OIL','希思黎黑玫瑰护肤精油','本品是希思黎针对干性或熟龄肌肤的护肤精油。这款丝滑护理油蕴含高浓度活性成分，可让肌肤做好准备，深层滋养，实现抗老化功效。asd- 富含Omega 3和Omega 6，让肌肤为后续的日常护肤程序做好准备。asd- 功效强大的植物活性成分融为一体，滋养肌肤，促进再生，提供保护（海扇藻、牛油果不皂化物和天然维生素E），这款护理油为肌肤注入焕发年轻活力不可或缺的元素。梅子油和亚麻荠油保持表皮层的脂质平衡。','早晨或夜晚，将3-7滴护理油涂抹在脸部和颈部的清洁肌肤上，避开眼周肌肤。既可单独使用，亦可配合日常护肤程序使用，加强肌肤对护肤功效的吸收能力。','快速抚平细纹，肌肤得到密集滋养，展现柔软弹性。肌肤全天得到润泽，倍感舒适，毫无油光。 数周后，皱纹和细纹显著淡化。肌肤丰盈再现，均匀细腻，活力焕发。肤色莹润亮泽。','梅子油（富含Omega 6）：加强屏障机能，为肌肤注入舒适柔软；亚麻荠油（富含Omega 3和Omega 6）：滋养舒缓，保持肌肤的脂质平衡；植物角鲨烯：滋养保湿，加强肌肤的保护膜；天然维生素E：有助于对抗自由基；牛油果不皂化物：促进再生，修护滋养，全面舒缓；海扇藻：促进糖胺聚糖的合成；','25ml',1580,'3473311320001_5-min.jpg','3473311320001-min.jpg'),(4,'明星产品','致臻夜间修护眼部精华露','SISLEY SUPREMYA YEUX AT NIGHT','与众不同的晚间护肤产品，专注于打造年轻双眸。','本品可谓呵护眼周肌肤的卓效抗老化护理产品。其核心是植物活性复合配方，由4种植物活性成分构成，在夜间发挥作用，充分发挥细胞再生的关键时段，为双眸注入新生活力。它融合活性成分（巴西莓和酵母精粹、咖啡因精粹），淡化黑眼圈和眼袋，快速为双眸注入非凡抗老化威力，夜复一夜。致臻夜间修护眼部精华露还可对抗眼睑松弛或下垂（大豆多肽精粹）。致臻夜间修护眼部精华露轻盈柔滑的质地可在每次使用时发挥缓解充血的功效，同时又令人愉悦。','用指尖取用按压一次泵头的用量，并将其平均分配，用于两只眼睛。将产品涂抹在眼睛下方和眼褶处，由内而外轻柔抚平，直到产品完全吸收','从首次使用开始，细纹俨然消失，双眸更显清亮。 夜复一夜，岁月痕迹大幅度减退；皱纹淡化，眼睑更加紧实，黑眼圈和眼袋显著消失。','植物活性复合配方：融合抗衰老活性成分的有效复合物；燕麦精粹：快速紧实平滑；海扇藻精粹：为肌肤组织注入活力；大豆多肽精粹：促进胶原蛋白合成，对抗眼袋和上睑下垂；腺苷：对抗皱纹，促进胶原蛋白合成；巴西莓精粹：抗氧化成分，淡化黑眼圈；酵母精粹：淡化黑眼圈和眼袋；咖啡因：协助淡化眼袋；植物甘油：保湿；李籽提取物：为肌肤提供舒适和弹性，协助加强屏障机能；乳木果油：滋养、舒缓、修复、柔嫩、保护；天然没药醇：舒','15ml',2050,'3473311540508_5.jpg','3473311540508.jpg'),(5,'明星产品','日间呵护精华乳','SISLEY ALL DAY ALL YEAR','一款抗老防护产品，持久防护。','本品可谓卓效抗老化日间护理产品，作为双效保护屏障，避免肌肤遭受外部刺激：asd- 抗UVA和UVB屏障：微囊过滤系统保护肌肤，限制氧化压力；asd- 抗自由基和抗压力屏障：蕴含抗自由基功效的植物精萃发挥卓越协作效应，保护肌肤免受有害外界因素的影响。','每天早晨，运用轻柔按摩的手法，将全日呵护精华乳涂抹在清洁干燥的脸部和颈部肌肤上。','肌肤全天得到保湿呵护，更持久保持年轻容颜。日复一日，细纹和皱纹抚平，重获光滑明亮的肌肤.','杜松（精油）：促进肌肤活力；乳木果油：滋养、舒缓、修复、柔嫩、保护；稻米：加强肌肤屏障；榛子油：对抗干燥，提供保护；白柳叶：加快HSP合成，对抗弹性蛋白酶和胶原蛋白酶；植物角鲨烷：柔嫩保湿；苹果：抗氧化成分；维生素E：对抗自由基；UVA和UVB微囊过滤系统；鼠尾草（精油）：促进肌肤活力；马郁兰（精油）：舒缓','50ml',2750,'3473311623003_5-min.jpg','3473311623003-min.jpg'),(6,'全新上市','抗皱御致紧肤精华乳','SISLEY SISLEYA L’INTEGRAL ANTI-AGE FIRMING CONCENT','使用后，肌肤更显紧致丰润，面部轮廓立体清晰，焕发年轻紧实光彩。','杜松（精油）：促进肌肤活力；乳木果油：滋养、舒缓、修复、柔嫩、保护；稻米：加强肌肤屏障；榛子油：对抗干燥，提供保护；白柳叶：加快HSP合成，对抗弹性蛋白酶和胶原蛋白酶；植物角鲨烷：柔嫩保湿；苹果：抗氧化成分；维生素E：对抗自由基；UVA和UVB微囊过滤系统；鼠尾草（精油）：促进肌肤活力；马郁兰（精油）：舒缓+1/ 唤醒肌肤紧致潜力+自然老化和生活节律对决定肌肤紧致度的弹力蛋白产生有着重大影响+甜马郁兰，法国希思黎研发的活性成分，作用于弹力细胞，带来卓越紧致功效。','每日早晚涂抹于清洁干燥的脸部和颈部肌肤，每次按压两泵，轻柔按摩至完全吸收，配合按摩手法以达到理想紧致效果。','一经使用，肌肤松弛下垂部分得到紧致提拉，肌肤受到包覆，老化痕迹淡褪。','波斯合欢精粹：显著改善紧致度和减少疲惫倦容 大豆和酵母蛋白复合物：抵御行为老化对肌肤的压/力,对抗松弛状态 甜马郁兰提取物：唤醒肌肤，促进弹力蛋白的生成 七种高效植物复合萃取 作用于/真皮层各个层面，强化“皮肤骨架”，恢复肌肤弹力.','30ml',3700,'1063x1063_4_25.jpg','400x400_4_10.jpg'),(7,'全新上市','抗皱修活御致眼唇霜','SISLEY SISLEYA L\'INTEGRAL ANTI-AGE EYE AND LIP CON','Sisley提供同时对抗3种老化成因造成老化痕迹的完整解决方案：基因性老化，环境性老化，以及与个人生活方式息息相关的行为性老化。帮助眼周肌肤重焕活力，减少皱纹细纹，即刻体验清爽感受，双眼更显明亮。','Sisley提供同时对抗3种老化成因造成老化痕迹的完整解决方案：基因性老化，环境性老化，以及与个人生活方式息息相关的行为性老化。抗皱紧致功效的波斯合欢树萃取及山胡椒萃取，配合酵母及大豆蛋白复合物，帮助眼周肌肤重焕活力，减少皱纹细纹，即刻体验清爽感受，双眼更显明亮。富含大豆胜肽的配方帮助紧致上眼睑，重塑眼部轮廓。易受行为性老化因素（抽烟，日晒等）影响的嘴唇上部区域细纹得到显著平滑。','早晚，取适量本品均匀涂抹于眼部和唇部肌肤。','一经使用，眼周肌肤密集补水，细纹淡褪，眼周肌肤恢复活力。即刻体验清爽感受，双眼更显明亮。日复一日，眼周唇部皱纹细纹显著平滑，肌肤紧致。黑眼圈淡褪。眼周区域重焕活力，显著紧实，肌肤明亮。明眸皓齿，眼部更显年轻，唇部轮廓得到重塑，更加清晰。','波斯合欢树萃取 - 促进线粒体的产生。同时具有抗糖化功效**并且促进肌肤排除导致偏红色黑眼圈形成的有色毒素。 糖类水解物 - 帮助重新同步肌肤的生物节律。 酵母及大豆蛋白复合物 - 帮助保护染色体端粒免受行为压力的伤害，延长细胞寿命。 大豆多肽萃取 – 显著减少皱纹出现并抵抗肌肤松弛下垂。 腺苷 – 激发胶原蛋白合成。 维生素E衍生物 - 抗自由基功效，增加肌肤天然抵抗力，抵御氧化压力。','15ml',1500,'_-_-laa_eye-1063x1063_1.png','_-_-laa_eye-400_400.png'),(8,'全新上市','黑玫瑰焕采精华霜','SISLEY BLACK ROSE SKIN INFUSION CREAM','珍稀巴卡拉黑玫瑰精粹，独特水珠凝露科技，带来前所未有的感官体验。肌肤弹嫩澎润，透现闪亮光彩。','黑玫瑰焕采精华霜内含珍稀三重玫瑰精粹，完美呵护脆弱肌肤；水珠凝露科技，带来前所未有的幸福感官体验；使用后肌肤重塑弹性，打造如婴儿般的弹润肌肤；提亮肤色，肌肤丰盈饱满，绽放明亮光泽；密集补水，唤醒初恋肌。','每天早晚，涂抹于面部和颈部。','提亮肤色，焕发光彩；重塑肌肤，丰盈饱满；密集保湿，持久舒适','巴卡拉黑玫瑰精粹、阿尔卑斯玫瑰精粹、五月玫瑰精粹','50ml',1420,'1063x1063_5_49.png','400x400_7_30.png'),(9,'全新上市','焕白多效日间防护乳SPF50+','SISLEY PHYTO-BLANC BRIGHTENING DAILY DEFENSE FLUID','一款美白防护产品，抵御外界UVA，UVB，防止色斑再生，质地保湿清爽不黏腻。','全新突破性美白防护乳，能卓效抑制斑点形成，同时多效抵御都市防护屏；100%高倍矿物防晒提供全天候都市保护；同时质地轻薄不粘腻为肌肤带来清爽滋润的舒适感。坚持使用，肤色均匀透亮，色斑显著减少，拥有自然光泽','晨间涂抹于脸部、颈部。也可作为肌肤护理的最后一步使用，长效保护肌肤。','提供理想的全天候防护抵御都市防护屏、自由基、紫外线造成的伤害，蕴含独有焕白晶萃复合物能显著淡化斑点同时滋润肌肤','晶钻复活美白因子：抑制黑色素形成，淡化色斑； 乙基间苯二酚： 持续释放稳定维他命C对抗黑色素； 改良大黄：抑制黑色素转移至角质层 超细二氧化钛：提供良好紫外线防护； 维他命B5、角鲨烷：滋润舒缓肌肤','50ml',2200,'1063x1063_5_35.png','400x400_7_16.png'),(10,'畅销榜单','御致臻颜经典套装','SISLEY BLACK ROSE PRECIOUS FACE OIL','Sisley提供同时对抗3种老化成因造成老化痕迹的完整解决方案：基因性老化，环境性老化，以及与个人生活方式息息相关的行为性老化。帮助眼周肌肤重焕活力，减少皱纹细纹，即刻体验清爽感受，双眼更显明亮。','套装内含：+抗皱修活御致臻颜霜50ml+抗皱修活御致臻颜霜15ml+抗皱修活御致臻颜霜通过肌肤老化原因的三个维度（行为性老化，生理老化和环境老化）来改善干燥，细纹，松弛等问题。Sisleya抗皱修活御致臻颜霜不仅融合了多种植物精华，更添加三大核心植物精粹成分，锁定肌肤三大生理环节，密集滋养修护，淡褪干纹，赋予肌肤年轻鲜活。','用指尖取用按压一次泵头的用量，并将其平均分配，用于两只眼睛。将产品涂抹在眼睛下方和眼褶处，由内而外轻柔抚平，直到产品完全吸收','肌肤全天得到保湿呵护，更持久保持年轻容颜。日复一日，细纹和皱纹抚平，重获光滑明亮的肌肤.',NULL,NULL,3980,'_1063x1063_4.jpg','_400x400_2_1.jpg'),(11,'畅销榜单','抗皱修活臻颜套装','SISLEY BLACK ROSE PRECIOUS FACE OIL','Sisley提供同时对抗3种老化成因造成老化痕迹的完整解决方案：基因性老化，环境性老化，以及与个人生活方式息息相关的行为性老化。帮助眼周肌肤重焕活力，减少皱纹细纹，即刻体验清爽感受，双眼更显明亮。','套装内含：+抗皱修活精华水150ml+抗皱修活御致臻颜霜50ml+抗皱修活御致眼唇霜15ml+抗皱修活精华水兼具保湿，滋润和抗老功效，启动美肌非凡吸收的关键第一步，成倍激发后续保养功效。+抗皱修活御致臻颜霜密集滋养修护，淡褪干纹，赋予肌肤年轻鲜活。','用指尖取用按压一次泵头的用量，并将其平均分配，用于两只眼睛。将产品涂抹在眼睛下方和眼褶处，由内而外轻柔抚平，直到产品完全吸收','肌肤全天得到保湿呵护，更持久保持年轻容颜。日复一日，细纹和皱纹抚平，重获光滑明亮的肌肤.',NULL,NULL,5580,'1063x1063-__1.jpg','400x400-__1.jpg'),(12,'畅销榜单','抗皱修活紧肤套装','SISLEY BLACK ROSE PRECIOUS FACE OIL','Sisley提供同时对抗3种老化成因造成老化痕迹的完整解决方案：基因性老化，环境性老化，以及与个人生活方式息息相关的行为性老化。帮助眼周肌肤重焕活力，减少皱纹细纹，即刻体验清爽感受，双眼更显明亮。','套装内含：+抗皱御致紧肤精华乳30ml+抗皱修活御致臻颜霜50ml+抗皱御致紧肤精华乳唤醒肌肤紧致潜力，帮助肌肤恢复弹性。抗皱修活御致臻颜霜密集滋养修护，淡褪干纹，赋予肌肤年轻鲜活。','用指尖取用按压一次泵头的用量，并将其平均分配，用于两只眼睛。将产品涂抹在眼睛下方和眼褶处，由内而外轻柔抚平，直到产品完全吸收','肌肤全天得到保湿呵护，更持久保持年轻容颜。日复一日，细纹和皱纹抚平，重获光滑明亮的肌肤.',NULL,NULL,6480,'1063x1063-__2.jpg','400x400-__2.jpg'),(13,'畅销榜单','抗皱修活精华水','SISLEY SISLEYA ESSENTIAL SKIN CARE LOTION 150ml','开启肌肤吸收关键第一步','本品完全不同于传统爽肤水护理，Sisleya抗皱修活精华水兼具保湿，滋润和抗老功效，启动美肌非凡吸收的关键第一步，成倍激发后续保养功效+法国希思黎实验中心运用“循序渐进地加乘护肤”理念提升肌肤吸收力，启动美肌非凡吸收的关键第一步，令肌肤恢复至良好吸收状态，成倍激发后续保养功效：+药蜀葵萃取液（法国希思黎全新活性成分）：源源导入锁水因子，持效保湿。+海扇藻精粹：强韧肌肤保水屏障。+植物角鲨烷：为肌肤补充天然脂质，卓效滋养。','早晚清洁爽肤后，用于面部及颈部，按压1-2次泵头的用量，用指腹将产品轻轻推开，亦可浸湿化妆棉后，轻柔打圈涂抹，后续继续精华面霜护理。','Sisleya抗皱修活精华水蕴含法国希思黎多重明星级经典植物抗老成分，首次使用，肤质通透清新，细纹明显淡退，使用数周后，肌肤愈见紧实，重现年轻轮廓。 锦灯笼精华：卓效抗氧化，防护肌肤免受自由基伤害。 白柳叶提取物：周密保护胶原蛋白及弹性蛋白，保护真皮纤维不受损伤，肌肤充满紧实活力， 日复一日，年轻光采亲眼见证','药蜀葵萃取液：源源导入锁水因子，持效保湿。 海扇藻精粹：强韧肌肤保水屏障。 植物角鲨烷：为肌肤补充天然脂质，卓效滋养。 银杏精粹：注入年轻能量，激发肌肤吸收潜能。 锦灯笼精华：卓效抗氧化，防护肌肤免受自由基伤害。 白柳叶提取物：周密保护胶原蛋白及弹性蛋白，保护真皮纤维不受损伤，肌肤充满紧实活力。','150ml',1200,'3473311506009_5-min.jpg','3473311506009-min.jpg'),(14,'畅销榜单','抗皱修活御致臻颜套装','SISLEY BLACK ROSE PRECIOUS FACE OIL','Sisley提供同时对抗3种老化成因造成老化痕迹的完整解决方案：基因性老化，环境性老化，以及与个人生活方式息息相关的行为性老化。帮助眼周肌肤重焕活力，减少皱纹细纹，即刻体验清爽感受，双眼更显明亮。','套装内含：+抗皱修活御致臻颜霜50ml+抗皱修活精华水15ml+日间呵护精华乳10ml+抗皱修活御致眼唇霜2ml','用指尖取用按压一次泵头的用量，并将其平均分配，用于两只眼睛。将产品涂抹在眼睛下方和眼褶处，由内而外轻柔抚平，直到产品完全吸收','肌肤全天得到保湿呵护，更持久保持年轻容颜。日复一日，细纹和皱纹抚平，重获光滑明亮的肌肤.','','',3500,'_1063x1063_6.jpg','_400x400_2_3.jpg'),(15,'畅销榜单','赋活水润焕采套装','SISLEY BLACK ROSE PRECIOUS FACE OIL','Sisley提供同时对抗3种老化成因造成老化痕迹的完整解决方案：基因性老化，环境性老化，以及与个人生活方式息息相关的行为性老化。帮助眼周肌肤重焕活力，减少皱纹细纹，即刻体验清爽感受，双眼更显明亮。','套装内含：+赋活聚水保湿乳40ml+百合洁肤乳30ml+花香润肤水30ml+黑玫瑰面膜10ml','用指尖取用按压一次泵头的用量，并将其平均分配，用于两只眼睛。将产品涂抹在眼睛下方和眼褶处，由内而外轻柔抚平，直到产品完全吸收','肌肤全天得到保湿呵护，更持久保持年轻容颜。日复一日，细纹和皱纹抚平，重获光滑明亮的肌肤.',NULL,NULL,1750,'_1063x1063_3.jpg','_400x400_1_3.jpg'),(16,'明星产品','植物赋活净透精华露','SISLEY BOTANICAL D-TOX DETOXIFYING NIGHT TREATMENT','密集晚间护理，对抗疲惫痕迹。','本品提供晚间促进细胞代谢护理，在有效的时段促进细胞再生，对抗疲惫痕迹。它蕴含高浓度植物精萃，多方位作用于肌肤排浊机能的三大层面。它可促进细胞代谢（大米多肽精粹），激发肌肤对抗氧化压力的天然屏障（小麦胚芽精粹），并为肌肤赋予充沛活力（银杏精粹、迷迭香精粹和蛇麻草精粹）。精油为产品注入精致芬芳，在美肤的同时营造出轻松氛围。保养护理过程结束后，肌肤白皙匀透，疲惫痕迹一扫而空，肌肤如同得到充分休息，闪烁莹润光泽。','每晚，将泵头按压2次取用产品，涂抹在清洁后干燥的脸部、颈部和前胸，既可单独使用，亦可随后配合常规晚间护肤程序。一瓶足够使用2个月','最初几天中，清晨醒来时便可惊喜见证更动人的肌肤。仿佛经过全面净化。肤色明净白皙，面部轮廓舒缓放松。肌肤重现活力，重新得以充分吸收日常护肤产品的有效成分','大米多肽精粹：刺激受损蛋白，进而提升细胞代谢能力；小麦胚芽精粹：对抗氧化压力；银杏精粹：调理肌肤；迷迭香精粹：刺激与调和肤色；蛇麻草精粹：给予肌肤活力；鼠尾草与迷迭香（精油）：净化调理肌肤；洋甘菊精粹：柔嫩纾缓；马郁兰（精油）：舒缓肌肤；薰衣草（精油）：舒缓平衡肌肤；植物甘油：补水保湿；乳木果油：为肌肤带来滋养舒缓、修复保护，打造柔嫩肤质；葵花油：柔嫩滋养肌肤，焕发肌肤活力','30ml',1680,'3473311630018_5.jpg','3473311630018.jpg'),(17,'全新上市','黑玫瑰焕采紧致面膜','SISLEY BLACK ROSE CREAM MASK 60ml','珍稀巴卡拉黑玫瑰精粹，独特水珠凝露科技，带来前所未有的感官体验。肌肤弹嫩澎润，透现闪亮光彩。','本品可令肌肤快速焕发青春光彩。它富含抗衰老活性成分（黑玫瑰、海扇藻和锦灯笼精粹），作用于疲惫痕迹，令肌肤快速重现年轻，活力四射。它发挥三重功效，可快速再现明亮肤色，增加肌肤密度：+- 丰盈抚痕；+-提亮赋活+- 柔嫩补水。+它质地柔软丝滑，蕴含精致玫瑰芬芳，营造出轻松愉悦的时刻。','每周2-3次，将一层厚厚的面膜霜涂抹在脸部和颈部，小心避开眼周肌肤。等待10-15分钟，然后拭去多余产品。','- 功效强大的植物活性成分融为一体，滋养肌肤，促进再生，提供保护（海扇藻、牛油果不皂化物和天然维生素E），这款护理油为肌肤注入焕发年轻活力不可或缺的元素。梅子油和亚麻荠油保持表皮层的脂质平衡。','黑玫瑰：抚平肌肤，对抗自由基；锦灯笼精粹：促进胶原蛋白合成；海扇藻：促进糖胺聚糖的合成；维生素E：对抗自由基；红葡萄叶：促进肌肤光泽度；小球藻：提亮赋活；天竺葵（精油）：激发肌肤活力；大毛蕊花：保护舒缓肌肤；乳木果油：滋养、舒缓、修复、柔嫩、保护；维生素原B5：柔嫩补水；玫瑰与木兰花（精油）：舒缓；植物甘油：补水；植物角鲨烯：润泽补水','60ml',1120,'3473311400000_5.jpg','3473311400000.jpg'),(18,'畅销榜单','黑玫瑰珍宠滋养精华油套装','SISLEY SISLEYA ESSENTIAL SKIN CARE LOTION','珍稀巴卡拉黑玫瑰精粹，独特水珠凝露科技，带来前所未有的感官体验。肌肤弹嫩澎润，透现闪亮光彩。','套装内含：+黑玫瑰珍宠滋养精华油25ml+百合洁肤乳30ml+花香润肤水30ml+黑玫瑰面膜10ml+黑玫瑰珍宠滋养精华油是希思黎针对干性或熟龄肌肤的护肤精油。这款丝滑护理油蕴含高浓度活性成分，可让肌肤做好准备，深层滋养，实现抗老化功效。','- 富含Omega 3和Omega 6，让肌肤为后续的日常护肤程序做好准备','- 功效强大的植物活性成分融为一体，滋养肌肤，促进再生，提供保护（海扇藻、牛油果不皂化物和天然维生素E），这款护理油为肌肤注入焕发年轻活力不可或缺的元素。梅子油和亚麻荠油保持表皮层的脂质平衡。',NULL,NULL,1580,'_1063x1063_8.jpg','_400x400_2_5.jpg'),(19,'畅销榜单','毛孔紧致无瑕精华露','SISLEY BOTANICAL D-TOX DETOXIFYING NIGHT TREATMENT','一款美白防护产品，抵御外界UVA，UVB，防止色斑再生，质地保湿清爽不黏腻。','套装内含：+黑玫瑰珍宠滋养精华油25ml+百合洁肤乳30ml+花香润肤水30ml+黑玫瑰面膜10ml+黑玫瑰珍宠滋养精华油是希思黎针对干性或熟龄肌肤的护肤精油。这款丝滑护理油蕴含高浓度活性成分，可让肌肤做好准备，深层滋养，实现抗老化功效。','- 富含Omega 3和Omega 6，让肌肤为后续的日常护肤程序做好准备','Sisleya抗皱修活精华水蕴含法国希思黎多重明星级经典植物抗老成分，首次使用，肤质通透清新，细纹明显淡退，使用数周后，肌肤愈见紧实，重现年轻轮廓。 锦灯笼精华：卓效抗氧化，防护肌肤免受自由基伤害。 白柳叶提取物：周密保护胶原蛋白及弹性蛋白，保护真皮纤维不受损伤，肌肤充满紧实活力， 日复一日，年轻光采亲眼见证','大米多肽精粹：刺激受损蛋白，进而提升细胞代谢能力；小麦胚芽精粹：对抗氧化压力；银杏精粹：调理肌肤；迷迭香精粹：刺激与调和肤色；蛇麻草精粹：给予肌肤活力；鼠尾草与迷迭香（精油）：净化调理肌肤；洋甘菊精粹：柔嫩纾缓；马郁兰（精油）：舒缓肌肤；薰衣草（精油）：舒缓平衡肌肤；植物甘油：补水保湿；乳木果油：为肌肤带来滋养舒缓、修复保护，打造柔嫩肤质；葵花油：柔嫩滋养肌肤，焕发肌肤活力','60ml',1500,NULL,'3473311450005_4.jpg'),(20,'全新上市','抗皱精华水','SISLEY SISLEYA ESSENTIAL SKIN CARE LOTION','珍稀巴卡拉黑玫瑰精粹，独特水珠凝露科技，带来前所未有的感官体验。肌肤弹嫩澎润，透现闪亮光彩。','套装内含：asd黑玫瑰珍宠滋养精华油25mlasd百合洁肤乳30mlasd花香润肤水30mlasd黑玫瑰面膜10mlasd黑玫瑰珍宠滋养精华油是希思黎针对干性或熟龄肌肤的护肤精油。这款丝滑护理油蕴含高浓度活性成分，可让肌肤做好准备，深层滋养，实现抗老化功效。','- 富含Omega 3和Omega 6，让肌肤为后续的日常护肤程序做好准备','- 功效强大的植物活性成分融为一体，滋养肌肤，促进再生，提供保护（海扇藻、牛油果不皂化物和天然维生素E），这款护理油为肌肤注入焕发年轻活力不可或缺的元素。梅子油和亚麻荠油保持表皮层的脂质平衡。','大米多肽精粹：刺激受损蛋白，进而提升细胞代谢能力；小麦胚芽精粹：对抗氧化压力；银杏精粹：调理肌肤；迷迭香精粹：刺激与调和肤色；蛇麻草精粹：给予肌肤活力；鼠尾草与迷迭香（精油）：净化调理肌肤；洋甘菊精粹：柔嫩纾缓；马郁兰（精油）：舒缓肌肤；薰衣草（精油）：舒缓平衡肌肤；植物甘油：补水保湿；乳木果油：为肌肤带来滋养舒缓、修复保护，打造柔嫩肤质；葵花油：柔嫩滋养肌肤，焕发肌肤活力','60ml',1200,NULL,'3473311506009_4-min.jpg'),(21,'全新上市','希思黎睛采眼部遮瑕笔','SISLEY BLACK ROSE CREAM MASK 60ml','密集晚间护理，对抗疲惫痕迹。','套装内含：asd黑玫瑰珍宠滋养精华油25mlasd百合洁肤乳30mlasd花香润肤水30mlasd黑玫瑰面膜10mlasd黑玫瑰珍宠滋养精华油是希思黎针对干性或熟龄肌肤的护肤精油。这款丝滑护理油蕴含高浓度活性成分，可让肌肤做好准备，深层滋养，实现抗老化功效。','每晚，将泵头按压2次取用产品，涂抹在清洁后干燥的脸部、颈部和前胸，既可单独使用，亦可随后配合常规晚间护肤程序。一瓶足够使用2个月','- 功效强大的植物活性成分融为一体，滋养肌肤，促进再生，提供保护（海扇藻、牛油果不皂化物和天然维生素E），这款护理油为肌肤注入焕发年轻活力不可或缺的元素。梅子油和亚麻荠油保持表皮层的脂质平衡。','药蜀葵萃取液：源源导入锁水因子，持效保湿。 海扇藻精粹：强韧肌肤保水屏障。 植物角鲨烷：为肌肤补充天然脂质，卓效滋养。 银杏精粹：注入年轻能量，激发肌肤吸收潜能。 锦灯笼精华：卓效抗氧化，防护肌肤免受自由基伤害。 白柳叶提取物：周密保护胶原蛋白及弹性蛋白，保护真皮纤维不受损伤，肌肤充满紧实活力。','60ml',720,NULL,'400x400-__2.jpg'),(22,'全新上市','希思黎温和角质调理霜','SISLEY BLACK ROSE CREAM MASK 60ml','密集晚间护理，对抗疲惫痕迹。','套装内含：asd黑玫瑰珍宠滋养精华油25mlasd百合洁肤乳30mlasd花香润肤水30mlasd黑玫瑰面膜10mlasd黑玫瑰珍宠滋养精华油是希思黎针对干性或熟龄肌肤的护肤精油。这款丝滑护理油蕴含高浓度活性成分，可让肌肤做好准备，深层滋养，实现抗老化功效。','每晚，将泵头按压2次取用产品，涂抹在清洁后干燥的脸部、颈部和前胸，既可单独使用，亦可随后配合常规晚间护肤程序。一瓶足够使用2个月','- 功效强大的植物活性成分融为一体，滋养肌肤，促进再生，提供保护（海扇藻、牛油果不皂化物和天然维生素E），这款护理油为肌肤注入焕发年轻活力不可或缺的元素。梅子油和亚麻荠油保持表皮层的脂质平衡。','药蜀葵萃取液：源源导入锁水因子，持效保湿。 海扇藻精粹：强韧肌肤保水屏障。 植物角鲨烷：为肌肤补充天然脂质，卓效滋养。 银杏精粹：注入年轻能量，激发肌肤吸收潜能。 锦灯笼精华：卓效抗氧化，防护肌肤免受自由基伤害。 白柳叶提取物：周密保护胶原蛋白及弹性蛋白，保护真皮纤维不受损伤，肌肤充满紧实活力。','60ml',670,NULL,'400x400_7_16.png'),(23,'全新上市','希思黎焕白淡斑精华露','SISLEY BLACK ROSE CREAM MASK 60ml','密集晚间护理，对抗疲惫痕迹。','套装内含：asd黑玫瑰珍宠滋养精华油25mlasd百合洁肤乳30mlasd花香润肤水30mlasd黑玫瑰面膜10mlasd黑玫瑰珍宠滋养精华油是希思黎针对干性或熟龄肌肤的护肤精油。这款丝滑护理油蕴含高浓度活性成分，可让肌肤做好准备，深层滋养，实现抗老化功效。','- 富含Omega 3和Omega 6，让肌肤为后续的日常护肤程序做好准备','最初几天中，清晨醒来时便可惊喜见证更动人的肌肤。仿佛经过全面净化。肤色明净白皙，面部轮廓舒缓放松。肌肤重现活力，重新得以充分吸收日常护肤产品的有效成分','药蜀葵萃取液：源源导入锁水因子，持效保湿。 海扇藻精粹：强韧肌肤保水屏障。 植物角鲨烷：为肌肤补充天然脂质，卓效滋养。 银杏精粹：注入年轻能量，激发肌肤吸收潜能。 锦灯笼精华：卓效抗氧化，防护肌肤免受自由基伤害。 白柳叶提取物：周密保护胶原蛋白及弹性蛋白，保护真皮纤维不受损伤，肌肤充满紧实活力。','60ml',1100,NULL,'400x400_7_30.png'),(24,'全新上市','抗皱修活御致臻颜霜','SISLEY BLACK ROSE CREAM MASK 60ml','这款面膜霜的配方经过特别研发，能够快速为肌肤注入年轻活力。','套装内含：asd黑玫瑰珍宠滋养精华油25mlasd百合洁肤乳30mlasd花香润肤水30mlasd黑玫瑰面膜10mlasd黑玫瑰珍宠滋养精华油是希思黎针对干性或熟龄肌肤的护肤精油。这款丝滑护理油蕴含高浓度活性成分，可让肌肤做好准备，深层滋养，实现抗老化功效。','每晚，将泵头按压2次取用产品，涂抹在清洁后干燥的脸部、颈部和前胸，既可单独使用，亦可随后配合常规晚间护肤程序。一瓶足够使用2个月','最初几天中，清晨醒来时便可惊喜见证更动人的肌肤。仿佛经过全面净化。肤色明净白皙，面部轮廓舒缓放松。肌肤重现活力，重新得以充分吸收日常护肤产品的有效成分','药蜀葵萃取液：源源导入锁水因子，持效保湿。 海扇藻精粹：强韧肌肤保水屏障。 植物角鲨烷：为肌肤补充天然脂质，卓效滋养。 银杏精粹：注入年轻能量，激发肌肤吸收潜能。 锦灯笼精华：卓效抗氧化，防护肌肤免受自由基伤害。 白柳叶提取物：周密保护胶原蛋白及弹性蛋白，保护真皮纤维不受损伤，肌肤充满紧实活力。','60ml',3500,NULL,'200x250_laa_2_.jpg'),(25,'全新上市','特皱抗皱修活御致臻颜霜','SISLEY BOTANICAL D-TOX DETOXIFYING NIGHT TREATMENT','这款面膜霜的配方经过特别研发，能够快速为肌肤注入年轻活力。','套装内含：asd黑玫瑰珍宠滋养精华油25mlasd百合洁肤乳30mlasd花香润肤水30mlasd黑玫瑰面膜10mlasd黑玫瑰珍宠滋养精华油是希思黎针对干性或熟龄肌肤的护肤精油。这款丝滑护理油蕴含高浓度活性成分，可让肌肤做好准备，深层滋养，实现抗老化功效。','- 富含Omega 3和Omega 6，让肌肤为后续的日常护肤程序做好准备','- 功效强大的植物活性成分融为一体，滋养肌肤，促进再生，提供保护（海扇藻、牛油果不皂化物和天然维生素E），这款护理油为肌肤注入焕发年轻活力不可或缺的元素。梅子油和亚麻荠油保持表皮层的脂质平衡。','大米多肽精粹：刺激受损蛋白，进而提升细胞代谢能力；小麦胚芽精粹：对抗氧化压力；银杏精粹：调理肌肤；迷迭香精粹：刺激与调和肤色；蛇麻草精粹：给予肌肤活力；鼠尾草与迷迭香（精油）：净化调理肌肤；洋甘菊精粹：柔嫩纾缓；马郁兰（精油）：舒缓肌肤；薰衣草（精油）：舒缓平衡肌肤；植物甘油：补水保湿；乳木果油：为肌肤带来滋养舒缓、修复保护，打造柔嫩肤质；葵花油：柔嫩滋养肌肤，焕发肌肤活力','60ml',3500,NULL,'200x250_laa_2_.jpg'),(26,'明星产品','希思黎修活防晒乳SPF30+','SISLEY BOTANICAL D-TOX DETOXIFYING NIGHT TREATMENT','密集晚间护理，对抗疲惫痕迹。','套装内含：asd黑玫瑰珍宠滋养精华油25mlasd百合洁肤乳30mlasd花香润肤水30mlasd黑玫瑰面膜10mlasd黑玫瑰珍宠滋养精华油是希思黎针对干性或熟龄肌肤的护肤精油。这款丝滑护理油蕴含高浓度活性成分，可让肌肤做好准备，深层滋养，实现抗老化功效。','每晚，将泵头按压2次取用产品，涂抹在清洁后干燥的脸部、颈部和前胸，既可单独使用，亦可随后配合常规晚间护肤程序。一瓶足够使用2个月','最初几天中，清晨醒来时便可惊喜见证更动人的肌肤。仿佛经过全面净化。肤色明净白皙，面部轮廓舒缓放松。肌肤重现活力，重新得以充分吸收日常护肤产品的有效成分','晶钻复活美白因子：抑制黑色素形成，淡化色斑； 乙基间苯二酚： 持续释放稳定维他命C对抗黑色素； 改良大黄：抑制黑色素转移至角质层 超细二氧化钛：提供良好紫外线防护； 维他命B5、角鲨烷：滋润舒缓肌肤','60ml',1280,NULL,'200x250_1_5.jpg'),(27,'明星产品','希思黎植物双效紧肤露','SISLEY BOTANICAL D-TOX DETOXIFYING NIGHT TREATMENT','这款面膜霜的配方经过特别研发，能够快速为肌肤注入年轻活力。','套装内含：asd黑玫瑰珍宠滋养精华油25mlasd百合洁肤乳30mlasd花香润肤水30mlasd黑玫瑰面膜10mlasd黑玫瑰珍宠滋养精华油是希思黎针对干性或熟龄肌肤的护肤精油。这款丝滑护理油蕴含高浓度活性成分，可让肌肤做好准备，深层滋养，实现抗老化功效。','每晚，将泵头按压2次取用产品，涂抹在清洁后干燥的脸部、颈部和前胸，既可单独使用，亦可随后配合常规晚间护肤程序。一瓶足够使用2个月','最初几天中，清晨醒来时便可惊喜见证更动人的肌肤。仿佛经过全面净化。肤色明净白皙，面部轮廓舒缓放松。肌肤重现活力，重新得以充分吸收日常护肤产品的有效成分','大米多肽精粹：刺激受损蛋白，进而提升细胞代谢能力；小麦胚芽精粹：对抗氧化压力；银杏精粹：调理肌肤；迷迭香精粹：刺激与调和肤色；蛇麻草精粹：给予肌肤活力；鼠尾草与迷迭香（精油）：净化调理肌肤；洋甘菊精粹：柔嫩纾缓；马郁兰（精油）：舒缓肌肤；薰衣草（精油）：舒缓平衡肌肤；植物甘油：补水保湿；乳木果油：为肌肤带来滋养舒缓、修复保护，打造柔嫩肤质；葵花油：柔嫩滋养肌肤，焕发肌肤活力','60ml',1300,NULL,'200x250_4.png'),(28,'明星产品','希思黎纾身修护润体霜','SISLEY BOTANICAL D-TOX DETOXIFYING NIGHT TREATMENT','这款面膜霜的配方经过特别研发，能够快速为肌肤注入年轻活力。','套装内含：asd黑玫瑰珍宠滋养精华油25mlasd百合洁肤乳30mlasd花香润肤水30mlasd黑玫瑰面膜10mlasd黑玫瑰珍宠滋养精华油是希思黎针对干性或熟龄肌肤的护肤精油。这款丝滑护理油蕴含高浓度活性成分，可让肌肤做好准备，深层滋养，实现抗老化功效。','每晚，将泵头按压2次取用产品，涂抹在清洁后干燥的脸部、颈部和前胸，既可单独使用，亦可随后配合常规晚间护肤程序。一瓶足够使用2个月','最初几天中，清晨醒来时便可惊喜见证更动人的肌肤。仿佛经过全面净化。肤色明净白皙，面部轮廓舒缓放松。肌肤重现活力，重新得以充分吸收日常护肤产品的有效成分','晶钻复活美白因子：抑制黑色素形成，淡化色斑； 乙基间苯二酚： 持续释放稳定维他命C对抗黑色素； 改良大黄：抑制黑色素转移至角质层 超细二氧化钛：提供良好紫外线防护； 维他命B5、角鲨烷：滋润舒缓肌肤','60ml',1150,NULL,'200x250_4_43.png'),(29,'明星产品','希思黎美胸精华乳','SISLEY SISLEYA ESSENTIAL SKIN CARE LOTION','珍稀巴卡拉黑玫瑰精粹，独特水珠凝露科技，带来前所未有的感官体验。肌肤弹嫩澎润，透现闪亮光彩。','套装内含：+抗皱修活精华水150ml+抗皱修活御致臻颜霜50ml+抗皱修活御致眼唇霜15ml+抗皱修活精华水兼具保湿，滋润和抗老功效，启动美肌非凡吸收的关键第一步，成倍激发后续保养功效。+抗皱修活御致臻颜霜密集滋养修护，淡褪干纹，赋予肌肤年轻鲜活。','用指尖取用按压一次泵头的用量，并将其平均分配，用于两只眼睛。将产品涂抹在眼睛下方和眼褶处，由内而外轻柔抚平，直到产品完全吸收','肌肤全天得到保湿呵护，更持久保持年轻容颜。日复一日，细纹和皱纹抚平，重获光滑明亮的肌肤.',NULL,'60ml',1920,NULL,'200x250_3_1.png'),(30,'畅销榜单','抗皱修活护手精华乳','SISLEY BLACK ROSE CREAM MASK 60ml','密集晚间护理，对抗疲惫痕迹。','本品提供晚间促进细胞代谢护理，在有效的时段促进细胞再生，对抗疲惫痕迹。它蕴含高浓度植物精萃，多方位作用于肌肤排浊机能的三大层面。它可促进细胞代谢（大米多肽精粹），激发肌肤对抗氧化压力的天然屏障（小麦胚芽精粹），并为肌肤赋予充沛活力（银杏精粹、迷迭香精粹和蛇麻草精粹）。精油为产品注入精致芬芳，在美肤的同时营造出轻松氛围。保养护理过程结束后，肌肤白皙匀透，疲惫痕迹一扫而空，肌肤如同得到充分休息，闪烁莹润光泽。','- 富含Omega 3和Omega 6，让肌肤为后续的日常护肤程序做好准备','- 功效强大的植物活性成分融为一体，滋养肌肤，促进再生，提供保护（海扇藻、牛油果不皂化物和天然维生素E），这款护理油为肌肤注入焕发年轻活力不可或缺的元素。梅子油和亚麻荠油保持表皮层的脂质平衡。',NULL,'60ml',1150,NULL,'3473311514004_30.jpg'),(31,'明星产品','纤盈匀体精华乳','SISLEY BOTANICAL D-TOX DETOXIFYING NIGHT TREATMENT','一款美白防护产品，抵御外界UVA，UVB，防止色斑再生，质地保湿清爽不黏腻。','本品提供晚间促进细胞代谢护理，在有效的时段促进细胞再生，对抗疲惫痕迹。它蕴含高浓度植物精萃，多方位作用于肌肤排浊机能的三大层面。它可促进细胞代谢（大米多肽精粹），激发肌肤对抗氧化压力的天然屏障（小麦胚芽精粹），并为肌肤赋予充沛活力（银杏精粹、迷迭香精粹和蛇麻草精粹）。精油为产品注入精致芬芳，在美肤的同时营造出轻松氛围。保养护理过程结束后，肌肤白皙匀透，疲惫痕迹一扫而空，肌肤如同得到充分休息，闪烁莹润光泽。','每晚，将泵头按压2次取用产品，涂抹在清洁后干燥的脸部、颈部和前胸，既可单独使用，亦可随后配合常规晚间护肤程序。一瓶足够使用2个月','- 功效强大的植物活性成分融为一体，滋养肌肤，促进再生，提供保护（海扇藻、牛油果不皂化物和天然维生素E），这款护理油为肌肤注入焕发年轻活力不可或缺的元素。梅子油和亚麻荠油保持表皮层的脂质平衡。',NULL,'60ml',1650,NULL,'3473311665003_4.jpg'),(32,'畅销榜单','抗皱修活紧致润体霜','SISLEY BOTANICAL D-TOX DETOXIFYING NIGHT TREATMENT','这款面膜霜的配方经过特别研发，能够快速为肌肤注入年轻活力。','套装内含：+抗皱修活精华水150ml+抗皱修活御致臻颜霜50ml+抗皱修活御致眼唇霜15ml+抗皱修活精华水兼具保湿，滋润和抗老功效，启动美肌非凡吸收的关键第一步，成倍激发后续保养功效。+抗皱修活御致臻颜霜密集滋养修护，淡褪干纹，赋予肌肤年轻鲜活。','用指尖取用按压一次泵头的用量，并将其平均分配，用于两只眼睛。将产品涂抹在眼睛下方和眼褶处，由内而外轻柔抚平，直到产品完全吸收','肌肤全天得到保湿呵护，更持久保持年轻容颜。日复一日，细纹和皱纹抚平，重获光滑明亮的肌肤.',NULL,'60ml',3000,NULL,'3473311508003_4.jpg'),(33,'明星产品','希思黎植物护发乳','SISLEY BOTANICAL D-TOX DETOXIFYING NIGHT TREATMENT','这款面膜霜的配方经过特别研发，能够快速为肌肤注入年轻活力。','套装内含：+抗皱修活精华水150ml+抗皱修活御致臻颜霜50ml+抗皱修活御致眼唇霜15ml+抗皱修活精华水兼具保湿，滋润和抗老功效，启动美肌非凡吸收的关键第一步，成倍激发后续保养功效。+抗皱修活御致臻颜霜密集滋养修护，淡褪干纹，赋予肌肤年轻鲜活。','用指尖取用按压一次泵头的用量，并将其平均分配，用于两只眼睛。将产品涂抹在眼睛下方和眼褶处，由内而外轻柔抚平，直到产品完全吸收','肌肤全天得到保湿呵护，更持久保持年轻容颜。日复一日，细纹和皱纹抚平，重获光滑明亮的肌肤.',NULL,'60ml',530,NULL,'3473311692009_4.jpg'),(34,'明星产品','希思黎植物洗发香波','SISLEY BOTANICAL D-TOX DETOXIFYING NIGHT TREATMENT','这款面膜霜的配方经过特别研发，能够快速为肌肤注入年轻活力。','套装内含：+抗皱修活精华水150ml+抗皱修活御致臻颜霜50ml+抗皱修活御致眼唇霜15ml+抗皱修活精华水兼具保湿，滋润和抗老功效，启动美肌非凡吸收的关键第一步，成倍激发后续保养功效。+抗皱修活御致臻颜霜密集滋养修护，淡褪干纹，赋予肌肤年轻鲜活。','用指尖取用按压一次泵头的用量，并将其平均分配，用于两只眼睛。将产品涂抹在眼睛下方和眼褶处，由内而外轻柔抚平，直到产品完全吸收','肌肤全天得到保湿呵护，更持久保持年轻容颜。日复一日，细纹和皱纹抚平，重获光滑明亮的肌肤.',NULL,NULL,550,NULL,'3473311691002_4.jpg'),(35,'全新上市','身体净采磨砂凝露','SISLEY BOTANICAL D-TOX DETOXIFYING NIGHT TREATMENT','珍稀巴卡拉黑玫瑰精粹，独特水珠凝露科技，带来前所未有的感官体验。肌肤弹嫩澎润，透现闪亮光彩。','套装内含：+抗皱修活精华水150ml+抗皱修活御致臻颜霜50ml+抗皱修活御致眼唇霜15ml+抗皱修活精华水兼具保湿，滋润和抗老功效，启动美肌非凡吸收的关键第一步，成倍激发后续保养功效。+抗皱修活御致臻颜霜密集滋养修护，淡褪干纹，赋予肌肤年轻鲜活。','用指尖取用按压一次泵头的用量，并将其平均分配，用于两只眼睛。将产品涂抹在眼睛下方和眼褶处，由内而外轻柔抚平，直到产品完全吸收','肌肤全天得到保湿呵护，更持久保持年轻容颜。日复一日，细纹和皱纹抚平，重获光滑明亮的肌肤.',NULL,NULL,880,NULL,'3473311536020_4.jpg'),(36,'畅销榜单','舒润柔肤身体乳霜','SISLEY BOTANICAL D-TOX DETOXIFYING NIGHT TREATMENT','珍稀巴卡拉黑玫瑰精粹，独特水珠凝露科技，带来前所未有的感官体验。肌肤弹嫩澎润，透现闪亮光彩。','套装内含：+抗皱修活精华水150ml+抗皱修活御致臻颜霜50ml+抗皱修活御致眼唇霜15ml+抗皱修活精华水兼具保湿，滋润和抗老功效，启动美肌非凡吸收的关键第一步，成倍激发后续保养功效。+抗皱修活御致臻颜霜密集滋养修护，淡褪干纹，赋予肌肤年轻鲜活。','用指尖取用按压一次泵头的用量，并将其平均分配，用于两只眼睛。将产品涂抹在眼睛下方和眼褶处，由内而外轻柔抚平，直到产品完全吸收','肌肤全天得到保湿呵护，更持久保持年轻容颜。日复一日，细纹和皱纹抚平，重获光滑明亮的肌肤.',NULL,NULL,1020,NULL,'3473311530004_4.jpg'),(37,'全新上市','抗皱修活防晒精华乳','SISLEY SISLEYA ESSENTIAL SKIN CARE LOTION','珍稀巴卡拉黑玫瑰精粹，独特水珠凝露科技，带来前所未有的感官体验。肌肤弹嫩澎润，透现闪亮光彩。','套装内含：+抗皱修活精华水150ml+抗皱修活御致臻颜霜50ml+抗皱修活御致眼唇霜15ml+抗皱修活精华水兼具保湿，滋润和抗老功效，启动美肌非凡吸收的关键第一步，成倍激发后续保养功效。+抗皱修活御致臻颜霜密集滋养修护，淡褪干纹，赋予肌肤年轻鲜活。','用指尖取用按压一次泵头的用量，并将其平均分配，用于两只眼睛。将产品涂抹在眼睛下方和眼褶处，由内而外轻柔抚平，直到产品完全吸收','肌肤全天得到保湿呵护，更持久保持年轻容颜。日复一日，细纹和皱纹抚平，重获光滑明亮的肌肤.',NULL,NULL,1900,NULL,'3473311683502_4-min.jpg'),(38,'明星产品','晒后抗皱修活乳','SISLEY SISLEYA ESSENTIAL SKIN CARE LOTION','珍稀巴卡拉黑玫瑰精粹，独特水珠凝露科技，带来前所未有的感官体验。肌肤弹嫩澎润，透现闪亮光彩。','套装内含：+抗皱修活精华水150ml+抗皱修活御致臻颜霜50ml+抗皱修活御致眼唇霜15ml+抗皱修活精华水兼具保湿，滋润和抗老功效，启动美肌非凡吸收的关键第一步，成倍激发后续保养功效。+抗皱修活御致臻颜霜密集滋养修护，淡褪干纹，赋予肌肤年轻鲜活。','用指尖取用按压一次泵头的用量，并将其平均分配，用于两只眼睛。将产品涂抹在眼睛下方和眼褶处，由内而外轻柔抚平，直到产品完全吸收','肌肤全天得到保湿呵护，更持久保持年轻容颜。日复一日，细纹和皱纹抚平，重获光滑明亮的肌肤.',NULL,NULL,1680,NULL,'3473311683304_37_4.jpg'),(39,'全新上市','修活身体防晒喷雾','SISLEY SISLEYA ESSENTIAL SKIN CARE LOTION','珍稀巴卡拉黑玫瑰精粹，独特水珠凝露科技，带来前所未有的感官体验。肌肤弹嫩澎润，透现闪亮光彩。','套装内含：+抗皱修活精华水150ml+抗皱修活御致臻颜霜50ml+抗皱修活御致眼唇霜15ml+抗皱修活精华水兼具保湿，滋润和抗老功效，启动美肌非凡吸收的关键第一步，成倍激发后续保养功效。+抗皱修活御致臻颜霜密集滋养修护，淡褪干纹，赋予肌肤年轻鲜活。','用指尖取用按压一次泵头的用量，并将其平均分配，用于两只眼睛。将产品涂抹在眼睛下方和眼褶处，由内而外轻柔抚平，直到产品完全吸收','肌肤全天得到保湿呵护，更持久保持年轻容颜。日复一日，细纹和皱纹抚平，重获光滑明亮的肌肤.',NULL,NULL,950,NULL,'0414_200x250.png'),(40,'全新上市','修活防晒乳','SISLEY SISLEYA ESSENTIAL SKIN CARE LOTION','珍稀巴卡拉黑玫瑰精粹，独特水珠凝露科技，带来前所未有的感官体验。肌肤弹嫩澎润，透现闪亮光彩。','套装内含：+抗皱修活精华水150ml+抗皱修活御致臻颜霜50ml+抗皱修活御致眼唇霜15ml+抗皱修活精华水兼具保湿，滋润和抗老功效，启动美肌非凡吸收的关键第一步，成倍激发后续保养功效。+抗皱修活御致臻颜霜密集滋养修护，淡褪干纹，赋予肌肤年轻鲜活。','用指尖取用按压一次泵头的用量，并将其平均分配，用于两只眼睛。将产品涂抹在眼睛下方和眼褶处，由内而外轻柔抚平，直到产品完全吸收','肌肤全天得到保湿呵护，更持久保持年轻容颜。日复一日，细纹和皱纹抚平，重获光滑明亮的肌肤.',NULL,NULL,1280,NULL,'200x250_1_5.jpg'),(41,'畅销榜单','焕白多效日间防护乳','SISLEY SISLEYA ESSENTIAL SKIN CARE LOTION','珍稀巴卡拉黑玫瑰精粹，独特水珠凝露科技，带来前所未有的感官体验。肌肤弹嫩澎润，透现闪亮光彩。','套装内含：+抗皱修活精华水150ml+抗皱修活御致臻颜霜50ml+抗皱修活御致眼唇霜15ml+抗皱修活精华水兼具保湿，滋润和抗老功效，启动美肌非凡吸收的关键第一步，成倍激发后续保养功效。+抗皱修活御致臻颜霜密集滋养修护，淡褪干纹，赋予肌肤年轻鲜活。','用指尖取用按压一次泵头的用量，并将其平均分配，用于两只眼睛。将产品涂抹在眼睛下方和眼褶处，由内而外轻柔抚平，直到产品完全吸收','肌肤全天得到保湿呵护，更持久保持年轻容颜。日复一日，细纹和皱纹抚平，重获光滑明亮的肌肤.',NULL,NULL,2200,NULL,'200x250_4_37.png'),(42,'明星产品','修活防晒隔离乳','SISLEY SISLEYA ESSENTIAL SKIN CARE LOTION','珍稀巴卡拉黑玫瑰精粹，独特水珠凝露科技，带来前所未有的感官体验。肌肤弹嫩澎润，透现闪亮光彩。','套装内含：+抗皱修活精华水150ml+抗皱修活御致臻颜霜50ml+抗皱修活御致眼唇霜15ml+抗皱修活精华水兼具保湿，滋润和抗老功效，启动美肌非凡吸收的关键第一步，成倍激发后续保养功效。+抗皱修活御致臻颜霜密集滋养修护，淡褪干纹，赋予肌肤年轻鲜活。','用指尖取用按压一次泵头的用量，并将其平均分配，用于两只眼睛。将产品涂抹在眼睛下方和眼褶处，由内而外轻柔抚平，直到产品完全吸收','肌肤全天得到保湿呵护，更持久保持年轻容颜。日复一日，细纹和皱纹抚平，重获光滑明亮的肌肤.',NULL,NULL,1200,NULL,'200x250_4_44.png'),(43,'体验套装','抗皱修活体验套装','SISLEY SISLEYA ESSENTIAL SKIN CARE LOTION','珍稀巴卡拉黑玫瑰精粹，独特水珠凝露科技，带来前所未有的感官体验。肌肤弹嫩澎润，透现闪亮光彩。','套装内含：asd抗皱修活御致臻颜霜15mlasd抗皱修活精华水15mlasd抗皱修活御致眼唇霜2ml','用指尖取用按压一次泵头的用量，并将其平均分配，用于两只眼睛。将产品涂抹在眼睛下方和眼褶处，由内而外轻柔抚平，直到产品完全吸收','肌肤全天得到保湿呵护，更持久保持年轻容颜。日复一日，细纹和皱纹抚平，重获光滑明亮的肌肤.',NULL,NULL,1450,NULL,'200x250_laa_2_.jpg'),(44,'畅销榜单','花香润肤水','SISLEY FLORAL TONING LOTION ALCOHOL FREE 250ml','肌肤柔嫩清新，倍感舒适。','本品可去除残留彩妆，洁净肌肤。其配方中蕴含玫瑰、矢车菊和金缕梅精萃，具有舒缓柔肤功效，特别适合敏感肌肤与干性肌肤使用。它能够调理安抚肌肤，让肌肤为每日护肤程序做好准备。','用指尖取用按压一次泵头的用量，并将其平均分配，用于两只眼睛。将产品涂抹在眼睛下方和眼褶处，由内而外轻柔抚平，直到产品完全吸收','肌肤全天得到保湿呵护，更持久保持年轻容颜。日复一日，细纹和皱纹抚平，重获光滑明亮的肌肤.',NULL,NULL,3600,NULL,'3473311508003_4.jpg'),(45,'明星产品','黑玫瑰珍宠滋养精华油','SISLEY FLORAL TONING LOTION ALCOHOL FREE ','珍稀巴卡拉黑玫瑰精粹，独特水珠凝露科技，带来前所未有的感官体验。肌肤弹嫩澎润，透现闪亮光彩。','本品是希思黎针对干性或熟龄肌肤的护肤精油。这款丝滑护理油蕴含高浓度活性成分，可让肌肤做好准备，深层滋养，实现抗老化功效。','用指尖取用按压一次泵头的用量，并将其平均分配，用于两只眼睛。将产品涂抹在眼睛下方和眼褶处，由内而外轻柔抚平，直到产品完全吸收','肌肤全天得到保湿呵护，更持久保持年轻容颜。日复一日，细纹和皱纹抚平，重获光滑明亮的肌肤.',NULL,NULL,740,NULL,'3473311320001-min.jpg'),(46,'明星产品','夜间修护眼部精华露','SISLEY FLORAL TONING LOTION ALCOHOL FREE ','珍稀巴卡拉黑玫瑰精粹，独特水珠凝露科技，带来前所未有的感官体验。肌肤弹嫩澎润，透现闪亮光彩。','本品可谓呵护眼周肌肤的卓效抗老化护理产品。','用指尖取用按压一次泵头的用量，并将其平均分配，用于两只眼睛。将产品涂抹在眼睛下方和眼褶处，由内而外轻柔抚平，直到产品完全吸收','肌肤全天得到保湿呵护，更持久保持年轻容颜。日复一日，细纹和皱纹抚平，重获光滑明亮的肌肤.',NULL,NULL,660,NULL,'3473311141002-min.jpg'),(47,'明星产品','轻柔粉底液','SISLEY FLORAL TONING LOTION ALCOHOL FREE ','珍稀巴卡拉黑玫瑰精粹，独特水珠凝露科技，带来前所未有的感官体验。肌肤弹嫩澎润，透现闪亮光彩。','本品妆效持久，质地轻盈。它能够确保肤色均匀自然，明亮动人。','用指尖取用按压一次泵头的用量，并将其平均分配，用于两只眼睛。将产品涂抹在眼睛下方和眼褶处，由内而外轻柔抚平，直到产品完全吸收','肌肤全天得到保湿呵护，更持久保持年轻容颜。日复一日，细纹和皱纹抚平，重获光滑明亮的肌肤.',NULL,NULL,630,NULL,'3473311540508.jpg'),(48,'明星产品','植物净颜洁肤面膜','SISLEY FLORAL TONING LOTION ALCOHOL FREE ','珍稀巴卡拉黑玫瑰精粹，独特水珠凝露科技，带来前所未有的感官体验。肌肤弹嫩澎润，透现闪亮光彩。','植物净颜洁肤面膜即刻净化重获平衡的肌肤，针对性解决肌肤每一处瑕疵，吸收多余皮脂分泌的同时，能够保持肌肤水润。','用指尖取用按压一次泵头的用量，并将其平均分配，用于两只眼睛。将产品涂抹在眼睛下方和眼褶处，由内而外轻柔抚平，直到产品完全吸收','肌肤全天得到保湿呵护，更持久保持年轻容颜。日复一日，细纹和皱纹抚平，重获光滑明亮的肌肤.',NULL,NULL,NULL,NULL,'400x400__1_8.png'),(49,'畅销榜单','植物净颜平衡化妆水','SISLEY SISLEYA L’INTEGRAL ANTI-AGE FIRMING CONCENT','珍稀巴卡拉黑玫瑰精粹，独特水珠凝露科技，带来前所未有的感官体验。肌肤弹嫩澎润，透现闪亮光彩。','植物净颜系列和全新活性功效成分的完美结合，植物净颜平衡化妆水针对混合性至油性肌肤的各种瑕疵，净化杂质，软化肌肤。舒缓活性成分及有限的酒精含量完美搭配，不会引起不适。','用指尖取用按压一次泵头的用量，并将其平均分配，用于两只眼睛。将产品涂抹在眼睛下方和眼褶处，由内而外轻柔抚平，直到产品完全吸收','肌肤全天得到保湿呵护，更持久保持年轻容颜。日复一日，细纹和皱纹抚平，重获光滑明亮的肌肤.',NULL,NULL,NULL,NULL,'400x400__1_7.png'),(50,'畅销榜单','植物净颜平衡洁面露','SISLEY SISLEYA L’INTEGRAL ANTI-AGE FIRMING CONCENT','珍稀巴卡拉黑玫瑰精粹，独特水珠凝露科技，带来前所未有的感官体验。肌肤弹嫩澎润，透现闪亮光彩。','丝滑啫喱质地，绵密的泡沫，清新又让人精力充沛的香味，没有皂基，无致痘成分。','用指尖取用按压一次泵头的用量，并将其平均分配，用于两只眼睛。将产品涂抹在眼睛下方和眼褶处，由内而外轻柔抚平，直到产品完全吸收','肌肤全天得到保湿呵护，更持久保持年轻容颜。日复一日，细纹和皱纹抚平，重获光滑明亮的肌肤.',NULL,NULL,NULL,NULL,'400x400_5_2.png'),(51,'畅销榜单','9','SISLEY SISLEYA L’INTEGRAL ANTI-AGE FIRMING CONCENT','珍稀巴卡拉黑玫瑰精粹，独特水珠凝露科技，带来前所未有的感官体验。肌肤弹嫩澎润，透现闪亮光彩。','套装内含：+抗皱修活精华水150ml+抗皱修活御致臻颜霜50ml+抗皱修活御致眼唇霜15ml+抗皱修活精华水兼具保湿，滋润和抗老功效，启动美肌非凡吸收的关键第一步，成倍激发后续保养功效。+抗皱修活御致臻颜霜密集滋养修护，淡褪干纹，赋予肌肤年轻鲜活。','用指尖取用按压一次泵头的用量，并将其平均分配，用于两只眼睛。将产品涂抹在眼睛下方和眼褶处，由内而外轻柔抚平，直到产品完全吸收','肌肤全天得到保湿呵护，更持久保持年轻容颜。日复一日，细纹和皱纹抚平，重获光滑明亮的肌肤.',NULL,NULL,NULL,NULL,NULL),(52,'畅销榜单','希思黎粉底刷','SISLEY SISLEYA L’INTEGRAL ANTI-AGE FIRMING CONCENT','珍稀巴卡拉黑玫瑰精粹，独特水珠凝露科技，带来前所未有的感官体验。肌肤弹嫩澎润，透现闪亮光彩。','套装内含：+抗皱修活精华水150ml+抗皱修活御致臻颜霜50ml+抗皱修活御致眼唇霜15ml+抗皱修活精华水兼具保湿，滋润和抗老功效，启动美肌非凡吸收的关键第一步，成倍激发后续保养功效。+抗皱修活御致臻颜霜密集滋养修护，淡褪干纹，赋予肌肤年轻鲜活。','用指尖取用按压一次泵头的用量，并将其平均分配，用于两只眼睛。将产品涂抹在眼睛下方和眼褶处，由内而外轻柔抚平，直到产品完全吸收','肌肤全天得到保湿呵护，更持久保持年轻容颜。日复一日，细纹和皱纹抚平，重获光滑明亮的肌肤.',NULL,NULL,420,NULL,'_390-200x250.png'),(53,'畅销榜单','希思黎圆形蜜粉刷','SISLEY SISLEYA L’INTEGRAL ANTI-AGE FIRMING CONCENT','珍稀巴卡拉黑玫瑰精粹，独特水珠凝露科技，带来前所未有的感官体验。肌肤弹嫩澎润，透现闪亮光彩。','套装内含：+抗皱修活精华水150ml+抗皱修活御致臻颜霜50ml+抗皱修活御致眼唇霜15ml+抗皱修活精华水兼具保湿，滋润和抗老功效，启动美肌非凡吸收的关键第一步，成倍激发后续保养功效。+抗皱修活御致臻颜霜密集滋养修护，淡褪干纹，赋予肌肤年轻鲜活。','用指尖取用按压一次泵头的用量，并将其平均分配，用于两只眼睛。将产品涂抹在眼睛下方和眼褶处，由内而外轻柔抚平，直到产品完全吸收','肌肤全天得到保湿呵护，更持久保持年轻容颜。日复一日，细纹和皱纹抚平，重获光滑明亮的肌肤.',NULL,NULL,500,NULL,'200x250-__4.png'),(54,'畅销榜单','希思黎液粉刷','SISLEY SISLEYA L’INTEGRAL ANTI-AGE FIRMING CONCENT','珍稀巴卡拉黑玫瑰精粹，独特水珠凝露科技，带来前所未有的感官体验。肌肤弹嫩澎润，透现闪亮光彩。','套装内含：+抗皱修活精华水150ml+抗皱修活御致臻颜霜50ml+抗皱修活御致眼唇霜15ml+抗皱修活精华水兼具保湿，滋润和抗老功效，启动美肌非凡吸收的关键第一步，成倍激发后续保养功效。+抗皱修活御致臻颜霜密集滋养修护，淡褪干纹，赋予肌肤年轻鲜活。','用指尖取用按压一次泵头的用量，并将其平均分配，用于两只眼睛。将产品涂抹在眼睛下方和眼褶处，由内而外轻柔抚平，直到产品完全吸收','肌肤全天得到保湿呵护，更持久保持年轻容颜。日复一日，细纹和皱纹抚平，重获光滑明亮的肌肤.',NULL,NULL,500,NULL,'200x250-__2_2.png'),(55,'畅销榜单','希思黎腮红刷','SISLEY SISLEYA L’INTEGRAL ANTI-AGE FIRMING CONCENT','珍稀巴卡拉黑玫瑰精粹，独特水珠凝露科技，带来前所未有的感官体验。肌肤弹嫩澎润，透现闪亮光彩。','套装内含：+抗皱修活精华水150ml+抗皱修活御致臻颜霜50ml+抗皱修活御致眼唇霜15ml+抗皱修活精华水兼具保湿，滋润和抗老功效，启动美肌非凡吸收的关键第一步，成倍激发后续保养功效。+抗皱修活御致臻颜霜密集滋养修护，淡褪干纹，赋予肌肤年轻鲜活。','用指尖取用按压一次泵头的用量，并将其平均分配，用于两只眼睛。将产品涂抹在眼睛下方和眼褶处，由内而外轻柔抚平，直到产品完全吸收','肌肤全天得到保湿呵护，更持久保持年轻容颜。日复一日，细纹和皱纹抚平，重获光滑明亮的肌肤.',NULL,NULL,420,NULL,'200x250-__3.png'),(56,'全新上市','抗皱修活紧致粉底液','SISLEY SISLEYA L’INTEGRAL ANTI-AGE FIRMING CONCENT','珍稀巴卡拉黑玫瑰精粹，独特水珠凝露科技，带来前所未有的感官体验。肌肤弹嫩澎润，透现闪亮光彩。','套装内含：+抗皱修活精华水150ml+抗皱修活御致臻颜霜50ml+抗皱修活御致眼唇霜15ml+抗皱修活精华水兼具保湿，滋润和抗老功效，启动美肌非凡吸收的关键第一步，成倍激发后续保养功效。+抗皱修活御致臻颜霜密集滋养修护，淡褪干纹，赋予肌肤年轻鲜活。','用指尖取用按压一次泵头的用量，并将其平均分配，用于两只眼睛。将产品涂抹在眼睛下方和眼褶处，由内而外轻柔抚平，直到产品完全吸收','肌肤全天得到保湿呵护，更持久保持年轻容颜。日复一日，细纹和皱纹抚平，重获光滑明亮的肌肤.',NULL,NULL,1150,NULL,'200x250_4_15.png'),(57,'新品上市','希思黎漾泽腮红彩笔','SISLEY BOTANICAL D-TOX DETOXIFYING NIGHT TREATMENT','珍稀巴卡拉黑玫瑰精粹，独特水珠凝露科技，带来前所未有的感官体验。肌肤弹嫩澎润，透现闪亮光彩。','套装内含：+抗皱修活精华水150ml+抗皱修活御致臻颜霜50ml+抗皱修活御致眼唇霜15ml+抗皱修活精华水兼具保湿，滋润和抗老功效，启动美肌非凡吸收的关键第一步，成倍激发后续保养功效。+抗皱修活御致臻颜霜密集滋养修护，淡褪干纹，赋予肌肤年轻鲜活。','用指尖取用按压一次泵头的用量，并将其平均分配，用于两只眼睛。将产品涂抹在眼睛下方和眼褶处，由内而外轻柔抚平，直到产品完全吸收','肌肤全天得到保湿呵护，更持久保持年轻容颜。日复一日，细纹和皱纹抚平，重获光滑明亮的肌肤.',NULL,NULL,480,NULL,'200x250_4_21.png'),(58,'畅销榜单','至美光采底霜','SISLEY BOTANICAL D-TOX DETOXIFYING NIGHT TREATMENT','珍稀巴卡拉黑玫瑰精粹，独特水珠凝露科技，带来前所未有的感官体验。肌肤弹嫩澎润，透现闪亮光彩。','套装内含：+抗皱修活精华水150ml+抗皱修活御致臻颜霜50ml+抗皱修活御致眼唇霜15ml+抗皱修活精华水兼具保湿，滋润和抗老功效，启动美肌非凡吸收的关键第一步，成倍激发后续保养功效。+抗皱修活御致臻颜霜密集滋养修护，淡褪干纹，赋予肌肤年轻鲜活。','用指尖取用按压一次泵头的用量，并将其平均分配，用于两只眼睛。将产品涂抹在眼睛下方和眼褶处，由内而外轻柔抚平，直到产品完全吸收','肌肤全天得到保湿呵护，更持久保持年轻容颜。日复一日，细纹和皱纹抚平，重获光滑明亮的肌肤.',NULL,NULL,630,NULL,'200x250_4_42.png'),(59,'新品上市','希思黎至美修容妆前乳 01','SISLEY BOTANICAL D-TOX DETOXIFYING NIGHT TREATMENT','珍稀巴卡拉黑玫瑰精粹，独特水珠凝露科技，带来前所未有的感官体验。肌肤弹嫩澎润，透现闪亮光彩。','套装内含：+抗皱修活精华水150ml+抗皱修活御致臻颜霜50ml+抗皱修活御致眼唇霜15ml+抗皱修活精华水兼具保湿，滋润和抗老功效，启动美肌非凡吸收的关键第一步，成倍激发后续保养功效。+抗皱修活御致臻颜霜密集滋养修护，淡褪干纹，赋予肌肤年轻鲜活。','用指尖取用按压一次泵头的用量，并将其平均分配，用于两只眼睛。将产品涂抹在眼睛下方和眼褶处，由内而外轻柔抚平，直到产品完全吸收','肌肤全天得到保湿呵护，更持久保持年轻容颜。日复一日，细纹和皱纹抚平，重获光滑明亮的肌肤.',NULL,NULL,630,NULL,'200_250.png'),(60,'新品上市','希思黎至美修容妆前乳 02','SISLEY BOTANICAL D-TOX DETOXIFYING NIGHT TREATMENT','珍稀巴卡拉黑玫瑰精粹，独特水珠凝露科技，带来前所未有的感官体验。肌肤弹嫩澎润，透现闪亮光彩。','套装内含：+抗皱修活精华水150ml+抗皱修活御致臻颜霜50ml+抗皱修活御致眼唇霜15ml+抗皱修活精华水兼具保湿，滋润和抗老功效，启动美肌非凡吸收的关键第一步，成倍激发后续保养功效。+抗皱修活御致臻颜霜密集滋养修护，淡褪干纹，赋予肌肤年轻鲜活。','用指尖取用按压一次泵头的用量，并将其平均分配，用于两只眼睛。将产品涂抹在眼睛下方和眼褶处，由内而外轻柔抚平，直到产品完全吸收','肌肤全天得到保湿呵护，更持久保持年轻容颜。日复一日，细纹和皱纹抚平，重获光滑明亮的肌肤.',NULL,NULL,630,NULL,'200_250_1.png'),(61,'畅销榜单','希思黎植物星灿防水眼线笔','SISLEY BOTANICAL D-TOX DETOXIFYING NIGHT TREATMENT','珍稀巴卡拉黑玫瑰精粹，独特水珠凝露科技，带来前所未有的感官体验。肌肤弹嫩澎润，透现闪亮光彩。','套装内含：+抗皱修活精华水150ml+抗皱修活御致臻颜霜50ml+抗皱修活御致眼唇霜15ml+抗皱修活精华水兼具保湿，滋润和抗老功效，启动美肌非凡吸收的关键第一步，成倍激发后续保养功效。+抗皱修活御致臻颜霜密集滋养修护，淡褪干纹，赋予肌肤年轻鲜活。','用指尖取用按压一次泵头的用量，并将其平均分配，用于两只眼睛。将产品涂抹在眼睛下方和眼褶处，由内而外轻柔抚平，直到产品完全吸收','肌肤全天得到保湿呵护，更持久保持年轻容颜。日复一日，细纹和皱纹抚平，重获光滑明亮的肌肤.',NULL,NULL,380,NULL,'1_-200x250_1.jpg'),(62,'畅销榜单','希思黎塑型三头眉笔','SISLEY BOTANICAL D-TOX DETOXIFYING NIGHT TREATMENT','珍稀巴卡拉黑玫瑰精粹，独特水珠凝露科技，带来前所未有的感官体验。肌肤弹嫩澎润，透现闪亮光彩。','套装内含：+抗皱修活精华水150ml+抗皱修活御致臻颜霜50ml+抗皱修活御致眼唇霜15ml+抗皱修活精华水兼具保湿，滋润和抗老功效，启动美肌非凡吸收的关键第一步，成倍激发后续保养功效。+抗皱修活御致臻颜霜密集滋养修护，淡褪干纹，赋予肌肤年轻鲜活。','用指尖取用按压一次泵头的用量，并将其平均分配，用于两只眼睛。将产品涂抹在眼睛下方和眼褶处，由内而外轻柔抚平，直到产品完全吸收','肌肤全天得到保湿呵护，更持久保持年轻容颜。日复一日，细纹和皱纹抚平，重获光滑明亮的肌肤.',NULL,NULL,450,NULL,'200x250_4_65.png'),(63,'畅销榜单','希思黎植物塑型眉膏','SISLEY BOTANICAL D-TOX DETOXIFYING NIGHT TREATMENT','珍稀巴卡拉黑玫瑰精粹，独特水珠凝露科技，带来前所未有的感官体验。肌肤弹嫩澎润，透现闪亮光彩。','套装内含：+抗皱修活精华水150ml+抗皱修活御致臻颜霜50ml+抗皱修活御致眼唇霜15ml+抗皱修活精华水兼具保湿，滋润和抗老功效，启动美肌非凡吸收的关键第一步，成倍激发后续保养功效。+抗皱修活御致臻颜霜密集滋养修护，淡褪干纹，赋予肌肤年轻鲜活。','用指尖取用按压一次泵头的用量，并将其平均分配，用于两只眼睛。将产品涂抹在眼睛下方和眼褶处，由内而外轻柔抚平，直到产品完全吸收','肌肤全天得到保湿呵护，更持久保持年轻容颜。日复一日，细纹和皱纹抚平，重获光滑明亮的肌肤.',NULL,NULL,380,NULL,'200x250_4_61.png'),(64,'畅销榜单','希思黎植物星灿眼线笔','SISLEY BOTANICAL D-TOX DETOXIFYING NIGHT TREATMENT','珍稀巴卡拉黑玫瑰精粹，独特水珠凝露科技，带来前所未有的感官体验。肌肤弹嫩澎润，透现闪亮光彩。','套装内含：+抗皱修活精华水150ml+抗皱修活御致臻颜霜50ml+抗皱修活御致眼唇霜15ml+抗皱修活精华水兼具保湿，滋润和抗老功效，启动美肌非凡吸收的关键第一步，成倍激发后续保养功效。+抗皱修活御致臻颜霜密集滋养修护，淡褪干纹，赋予肌肤年轻鲜活。','用指尖取用按压一次泵头的用量，并将其平均分配，用于两只眼睛。将产品涂抹在眼睛下方和眼褶处，由内而外轻柔抚平，直到产品完全吸收','肌肤全天得到保湿呵护，更持久保持年轻容颜。日复一日，细纹和皱纹抚平，重获光滑明亮的肌肤.',NULL,NULL,380,NULL,'200x250-_1__1.png'),(65,'畅销榜单','希思黎平角眼影刷','SISLEY BOTANICAL D-TOX DETOXIFYING NIGHT TREATMENT','珍稀巴卡拉黑玫瑰精粹，独特水珠凝露科技，带来前所未有的感官体验。肌肤弹嫩澎润，透现闪亮光彩。','套装内含：+抗皱修活精华水150ml+抗皱修活御致臻颜霜50ml+抗皱修活御致眼唇霜15ml+抗皱修活精华水兼具保湿，滋润和抗老功效，启动美肌非凡吸收的关键第一步，成倍激发后续保养功效。+抗皱修活御致臻颜霜密集滋养修护，淡褪干纹，赋予肌肤年轻鲜活。','用指尖取用按压一次泵头的用量，并将其平均分配，用于两只眼睛。将产品涂抹在眼睛下方和眼褶处，由内而外轻柔抚平，直到产品完全吸收','肌肤全天得到保湿呵护，更持久保持年轻容颜。日复一日，细纹和皱纹抚平，重获光滑明亮的肌肤.',NULL,NULL,410,NULL,'200x250-__1_1.png'),(66,'畅销榜单','希思黎斜角眼影刷','SISLEY BOTANICAL D-TOX DETOXIFYING NIGHT TREATMENT','珍稀巴卡拉黑玫瑰精粹，独特水珠凝露科技，带来前所未有的感官体验。肌肤弹嫩澎润，透现闪亮光彩。','套装内含：+抗皱修活精华水150ml+抗皱修活御致臻颜霜50ml+抗皱修活御致眼唇霜15ml+抗皱修活精华水兼具保湿，滋润和抗老功效，启动美肌非凡吸收的关键第一步，成倍激发后续保养功效。+抗皱修活御致臻颜霜密集滋养修护，淡褪干纹，赋予肌肤年轻鲜活。','用指尖取用按压一次泵头的用量，并将其平均分配，用于两只眼睛。将产品涂抹在眼睛下方和眼褶处，由内而外轻柔抚平，直到产品完全吸收','肌肤全天得到保湿呵护，更持久保持年轻容颜。日复一日，细纹和皱纹抚平，重获光滑明亮的肌肤.',NULL,NULL,410,NULL,'200x250-__2.png'),(67,'畅销榜单','希思黎眼线刷','SISLEY BOTANICAL D-TOX DETOXIFYING NIGHT TREATMENT','珍稀巴卡拉黑玫瑰精粹，独特水珠凝露科技，带来前所未有的感官体验。肌肤弹嫩澎润，透现闪亮光彩。','套装内含：+抗皱修活精华水150ml+抗皱修活御致臻颜霜50ml+抗皱修活御致眼唇霜15ml+抗皱修活精华水兼具保湿，滋润和抗老功效，启动美肌非凡吸收的关键第一步，成倍激发后续保养功效。+抗皱修活御致臻颜霜密集滋养修护，淡褪干纹，赋予肌肤年轻鲜活。','用指尖取用按压一次泵头的用量，并将其平均分配，用于两只眼睛。将产品涂抹在眼睛下方和眼褶处，由内而外轻柔抚平，直到产品完全吸收','肌肤全天得到保湿呵护，更持久保持年轻容颜。日复一日，细纹和皱纹抚平，重获光滑明亮的肌肤.',NULL,NULL,370,NULL,'200x250-_330.png'),(68,'畅销榜单','希思黎植物美护卷翘睫毛膏','SISLEY BOTANICAL D-TOX DETOXIFYING NIGHT TREATMENT','珍稀巴卡拉黑玫瑰精粹，独特水珠凝露科技，带来前所未有的感官体验。肌肤弹嫩澎润，透现闪亮光彩。','套装内含：+抗皱修活精华水150ml+抗皱修活御致臻颜霜50ml+抗皱修活御致眼唇霜15ml+抗皱修活精华水兼具保湿，滋润和抗老功效，启动美肌非凡吸收的关键第一步，成倍激发后续保养功效。+抗皱修活御致臻颜霜密集滋养修护，淡褪干纹，赋予肌肤年轻鲜活。','用指尖取用按压一次泵头的用量，并将其平均分配，用于两只眼睛。将产品涂抹在眼睛下方和眼褶处，由内而外轻柔抚平，直到产品完全吸收','肌肤全天得到保湿呵护，更持久保持年轻容颜。日复一日，细纹和皱纹抚平，重获光滑明亮的肌肤.',NULL,NULL,460,NULL,'0727_black_200x250_1.png'),(69,'畅销榜单','希思黎植物丝缎眼线笔','SISLEY BOTANICAL D-TOX DETOXIFYING NIGHT TREATMENT','珍稀巴卡拉黑玫瑰精粹，独特水珠凝露科技，带来前所未有的感官体验。肌肤弹嫩澎润，透现闪亮光彩。','套装内含：+抗皱修活精华水150ml+抗皱修活御致臻颜霜50ml+抗皱修活御致眼唇霜15ml+抗皱修活精华水兼具保湿，滋润和抗老功效，启动美肌非凡吸收的关键第一步，成倍激发后续保养功效。+抗皱修活御致臻颜霜密集滋养修护，淡褪干纹，赋予肌肤年轻鲜活。','用指尖取用按压一次泵头的用量，并将其平均分配，用于两只眼睛。将产品涂抹在眼睛下方和眼褶处，由内而外轻柔抚平，直到产品完全吸收','肌肤全天得到保湿呵护，更持久保持年轻容颜。日复一日，细纹和皱纹抚平，重获光滑明亮的肌肤.',NULL,NULL,410,NULL,'200x250_1_20.jpg'),(70,'全新上市','希思黎魅惑口红','SISLEY BOTANICAL D-TOX DETOXIFYING NIGHT TREATMENT','珍稀巴卡拉黑玫瑰精粹，独特水珠凝露科技，带来前所未有的感官体验。肌肤弹嫩澎润，透现闪亮光彩。','套装内含：+抗皱修活精华水150ml+抗皱修活御致臻颜霜50ml+抗皱修活御致眼唇霜15ml+抗皱修活精华水兼具保湿，滋润和抗老功效，启动美肌非凡吸收的关键第一步，成倍激发后续保养功效。+抗皱修活御致臻颜霜密集滋养修护，淡褪干纹，赋予肌肤年轻鲜活。','用指尖取用按压一次泵头的用量，并将其平均分配，用于两只眼睛。将产品涂抹在眼睛下方和眼褶处，由内而外轻柔抚平，直到产品完全吸收','肌肤全天得到保湿呵护，更持久保持年轻容颜。日复一日，细纹和皱纹抚平，重获光滑明亮的肌肤.',NULL,NULL,390,NULL,'42-200x250.jpg'),(71,'畅销榜单','希思黎抗氧保湿唇膏','SISLEY BOTANICAL D-TOX DETOXIFYING NIGHT TREATMENT','珍稀巴卡拉黑玫瑰精粹，独特水珠凝露科技，带来前所未有的感官体验。肌肤弹嫩澎润，透现闪亮光彩。','套装内含：+抗皱修活精华水150ml+抗皱修活御致臻颜霜50ml+抗皱修活御致眼唇霜15ml+抗皱修活精华水兼具保湿，滋润和抗老功效，启动美肌非凡吸收的关键第一步，成倍激发后续保养功效。+抗皱修活御致臻颜霜密集滋养修护，淡褪干纹，赋予肌肤年轻鲜活。','用指尖取用按压一次泵头的用量，并将其平均分配，用于两只眼睛。将产品涂抹在眼睛下方和眼褶处，由内而外轻柔抚平，直到产品完全吸收','肌肤全天得到保湿呵护，更持久保持年轻容颜。日复一日，细纹和皱纹抚平，重获光滑明亮的肌肤.',NULL,NULL,390,NULL,'3473311703156_4_1.jpg'),(72,'畅销榜单','漾泽美唇彩笔','SISLEY BOTANICAL D-TOX DETOXIFYING NIGHT TREATMENT','珍稀巴卡拉黑玫瑰精粹，独特水珠凝露科技，带来前所未有的感官体验。肌肤弹嫩澎润，透现闪亮光彩。','套装内含：+抗皱修活精华水150ml+抗皱修活御致臻颜霜50ml+抗皱修活御致眼唇霜15ml+抗皱修活精华水兼具保湿，滋润和抗老功效，启动美肌非凡吸收的关键第一步，成倍激发后续保养功效。+抗皱修活御致臻颜霜密集滋养修护，淡褪干纹，赋予肌肤年轻鲜活。','用指尖取用按压一次泵头的用量，并将其平均分配，用于两只眼睛。将产品涂抹在眼睛下方和眼褶处，由内而外轻柔抚平，直到产品完全吸收','肌肤全天得到保湿呵护，更持久保持年轻容颜。日复一日，细纹和皱纹抚平，重获光滑明亮的肌肤.',NULL,NULL,350,NULL,'200x250_4_6.png'),(73,'畅销榜单','魅惑口红经典四支装','SISLEY BOTANICAL D-TOX DETOXIFYING NIGHT TREATMENT','珍稀巴卡拉黑玫瑰精粹，独特水珠凝露科技，带来前所未有的感官体验。肌肤弹嫩澎润，透现闪亮光彩。','套装内含：+抗皱修活精华水150ml+抗皱修活御致臻颜霜50ml+抗皱修活御致眼唇霜15ml+抗皱修活精华水兼具保湿，滋润和抗老功效，启动美肌非凡吸收的关键第一步，成倍激发后续保养功效。+抗皱修活御致臻颜霜密集滋养修护，淡褪干纹，赋予肌肤年轻鲜活。','用指尖取用按压一次泵头的用量，并将其平均分配，用于两只眼睛。将产品涂抹在眼睛下方和眼褶处，由内而外轻柔抚平，直到产品完全吸收','肌肤全天得到保湿呵护，更持久保持年轻容颜。日复一日，细纹和皱纹抚平，重获光滑明亮的肌肤.',NULL,NULL,1560,NULL,'200x250-__5.jpg'),(74,'畅销榜单','植物莹亮唇膏','SISLEY BOTANICAL D-TOX DETOXIFYING NIGHT TREATMENT','珍稀巴卡拉黑玫瑰精粹，独特水珠凝露科技，带来前所未有的感官体验。肌肤弹嫩澎润，透现闪亮光彩。','套装内含：+抗皱修活精华水150ml+抗皱修活御致臻颜霜50ml+抗皱修活御致眼唇霜15ml+抗皱修活精华水兼具保湿，滋润和抗老功效，启动美肌非凡吸收的关键第一步，成倍激发后续保养功效。+抗皱修活御致臻颜霜密集滋养修护，淡褪干纹，赋予肌肤年轻鲜活。','用指尖取用按压一次泵头的用量，并将其平均分配，用于两只眼睛。将产品涂抹在眼睛下方和眼褶处，由内而外轻柔抚平，直到产品完全吸收','肌肤全天得到保湿呵护，更持久保持年轻容颜。日复一日，细纹和皱纹抚平，重获光滑明亮的肌肤.',NULL,NULL,350,NULL,'3473311704016_9_3.jpg'),(75,'畅销榜单','植物星灿护唇蜜\n','SISLEY BOTANICAL D-TOX DETOXIFYING NIGHT TREATMENT','珍稀巴卡拉黑玫瑰精粹，独特水珠凝露科技，带来前所未有的感官体验。肌肤弹嫩澎润，透现闪亮光彩。','套装内含：+抗皱修活精华水150ml+抗皱修活御致臻颜霜50ml+抗皱修活御致眼唇霜15ml+抗皱修活精华水兼具保湿，滋润和抗老功效，启动美肌非凡吸收的关键第一步，成倍激发后续保养功效。+抗皱修活御致臻颜霜密集滋养修护，淡褪干纹，赋予肌肤年轻鲜活。','用指尖取用按压一次泵头的用量，并将其平均分配，用于两只眼睛。将产品涂抹在眼睛下方和眼褶处，由内而外轻柔抚平，直到产品完全吸收','肌肤全天得到保湿呵护，更持久保持年轻容颜。日复一日，细纹和皱纹抚平，重获光滑明亮的肌肤.',NULL,NULL,350,NULL,'3473311753014_9_3.jpg'),(76,'畅销榜单','植物莹亮润唇蜜','SISLEY BOTANICAL D-TOX DETOXIFYING NIGHT TREATMENT','珍稀巴卡拉黑玫瑰精粹，独特水珠凝露科技，带来前所未有的感官体验。肌肤弹嫩澎润，透现闪亮光彩。','套装内含：+抗皱修活精华水150ml+抗皱修活御致臻颜霜50ml+抗皱修活御致眼唇霜15ml+抗皱修活精华水兼具保湿，滋润和抗老功效，启动美肌非凡吸收的关键第一步，成倍激发后续保养功效。+抗皱修活御致臻颜霜密集滋养修护，淡褪干纹，赋予肌肤年轻鲜活。','用指尖取用按压一次泵头的用量，并将其平均分配，用于两只眼睛。将产品涂抹在眼睛下方和眼褶处，由内而外轻柔抚平，直到产品完全吸收','肌肤全天得到保湿呵护，更持久保持年轻容颜。日复一日，细纹和皱纹抚平，重获光滑明亮的肌肤.',NULL,NULL,390,NULL,'3473311751119_9_2_2.jpg'),(77,'畅销榜单','植物凝色唇线笔','SISLEY BOTANICAL D-TOX DETOXIFYING NIGHT TREATMENT','珍稀巴卡拉黑玫瑰精粹，独特水珠凝露科技，带来前所未有的感官体验。肌肤弹嫩澎润，透现闪亮光彩。','套装内含：+抗皱修活精华水150ml+抗皱修活御致臻颜霜50ml+抗皱修活御致眼唇霜15ml+抗皱修活精华水兼具保湿，滋润和抗老功效，启动美肌非凡吸收的关键第一步，成倍激发后续保养功效。+抗皱修活御致臻颜霜密集滋养修护，淡褪干纹，赋予肌肤年轻鲜活。','用指尖取用按压一次泵头的用量，并将其平均分配，用于两只眼睛。将产品涂抹在眼睛下方和眼褶处，由内而外轻柔抚平，直到产品完全吸收','肌肤全天得到保湿呵护，更持久保持年轻容颜。日复一日，细纹和皱纹抚平，重获光滑明亮的肌肤.',NULL,NULL,410,NULL,'3473311876010_9_2.jpg'),(78,'畅销榜单','植物美护卷翘睫毛膏','SISLEY BOTANICAL D-TOX DETOXIFYING NIGHT TREATMENT','珍稀巴卡拉黑玫瑰精粹，独特水珠凝露科技，带来前所未有的感官体验。肌肤弹嫩澎润，透现闪亮光彩。','套装内含：+抗皱修活精华水150ml+抗皱修活御致臻颜霜50ml+抗皱修活御致眼唇霜15ml+抗皱修活精华水兼具保湿，滋润和抗老功效，启动美肌非凡吸收的关键第一步，成倍激发后续保养功效。+抗皱修活御致臻颜霜密集滋养修护，淡褪干纹，赋予肌肤年轻鲜活。','用指尖取用按压一次泵头的用量，并将其平均分配，用于两只眼睛。将产品涂抹在眼睛下方和眼褶处，由内而外轻柔抚平，直到产品完全吸收','肌肤全天得到保湿呵护，更持久保持年轻容颜。日复一日，细纹和皱纹抚平，重获光滑明亮的肌肤.',NULL,NULL,460,NULL,'3473311623003-min.jpg'),(79,'畅销榜单','植物净颜平衡精华露','SISLEY BOTANICAL D-TOX DETOXIFYING NIGHT TREATMENT','珍稀巴卡拉黑玫瑰精粹，独特水珠凝露科技，带来前所未有的感官体验。肌肤弹嫩澎润，透现闪亮光彩。','轻盈液体质地，哑光，清新又让人精力充沛的香味；不黏腻，易吸收；减少出油区域，肌肤水油平衡','用指尖取用按压一次泵头的用量，并将其平均分配，用于两只眼睛。将产品涂抹在眼睛下方和眼褶处，由内而外轻柔抚平，直到产品完全吸收','肌肤全天得到保湿呵护，更持久保持年轻容颜。日复一日，细纹和皱纹抚平，重获光滑明亮的肌肤.',NULL,NULL,550,NULL,'400x400_5_4.png'),(81,'畅销榜单','植物净颜平衡保湿乳','SISLEY BOTANICAL D-TOX DETOXIFYING NIGHT TREATMENT','珍稀巴卡拉黑玫瑰精粹，独特水珠凝露科技，带来前所未有的感官体验。肌肤弹嫩澎润，透现闪亮光彩。','轻盈乳液质地，易吸收；有柔软粉色光泽，清新又让人精力充沛的香味；无油，无致痘成分','用指尖取用按压一次泵头的用量，并将其平均分配，用于两只眼睛。将产品涂抹在眼睛下方和眼褶处，由内而外轻柔抚平，直到产品完全吸收','肌肤全天得到保湿呵护，更持久保持年轻容颜。日复一日，细纹和皱纹抚平，重获光滑明亮的肌肤.',NULL,NULL,690,NULL,'400x400_5_3.png'),(82,'畅销榜单','致臻夜间修复精华霜','SISLEY BOTANICAL D-TOX DETOXIFYING NIGHT TREATMENT','珍稀巴卡拉黑玫瑰精粹，独特水珠凝露科技，带来前所未有的感官体验。肌肤弹嫩澎润，透现闪亮光彩。','致臻夜间修复精华霜针对夜间肌肤修复的黄金时刻，提供双重强势抗老修护双核心','用指尖取用按压一次泵头的用量，并将其平均分配，用于两只眼睛。将产品涂抹在眼睛下方和眼褶处，由内而外轻柔抚平，直到产品完全吸收','肌肤全天得到保湿呵护，更持久保持年轻容颜。日复一日，细纹和皱纹抚平，重获光滑明亮的肌肤.',NULL,NULL,NULL,NULL,'400x400_5_11.png');

/*Table structure for table `t_goods` */

DROP TABLE IF EXISTS `t_goods`;

CREATE TABLE `t_goods` (
  `g_id` int(10) unsigned NOT NULL AUTO_INCREMENT,
  `g_c_id` int(10) NOT NULL,
  `g_s_id` int(10) NOT NULL,
  `g_name` varchar(50) NOT NULL,
  `g_descript` varchar(50) DEFAULT NULL,
  `g_category_name` varchar(50) DEFAULT NULL,
  PRIMARY KEY (`g_id`)
) ENGINE=InnoDB AUTO_INCREMENT=779 DEFAULT CHARSET=utf8;

/*Data for the table `t_goods` */

insert  into `t_goods`(`g_id`,`g_c_id`,`g_s_id`,`g_name`,`g_descript`,`g_category_name`) values (1,1,1,'希思黎毛孔紧致无瑕精华露','细致毛孔','卸妆'),(2,1,1,'希思黎抗皱修活精华水','全新肌底液','洁面'),(3,1,1,'希思黎睛采眼部遮瑕笔','遮盖黑眼圈','化妆水'),(4,1,1,'希思黎温和角质调理霜','清洁护理','保湿滋润'),(5,1,1,'希思黎焕白淡斑精华露','淡化色斑','去除角质'),(6,1,1,'希思黎抗皱修活御致臻颜霜','抗老化御颜','塑身纤体'),(7,1,1,'希思黎特润抗皱修活御致臻','肌肤重获紧致饱满','面部防晒'),(8,1,1,'希思黎修活防晒乳SPF30+','保护肌肤免受日光侵害','身体防晒'),(9,1,1,'希思黎植物双效紧肤露','\"V脸”提拉 长效持久','晒后护理'),(10,2,1,'希思黎纾身修护润体霜','密集补水 修复滋养','抗皱御龄'),(11,2,1,'希思黎美胸精华乳','紧实胸部 滋养胸口肌肤','紧致提拉'),(12,2,1,'希思黎抗皱修活护手精华乳','手部护理','亮泽美白'),(13,2,1,'希思黎纤盈匀体精华乳','密集抗橘皮纹护理',NULL),(14,2,1,'希思黎抗皱修活紧致润体霜','紧致美体护理',NULL),(15,2,1,'希思黎植物护发乳','润养头皮',NULL),(16,2,1,'希思黎植物洗发香波','润养头皮',NULL),(17,2,1,'希思黎身体净采磨砂凝露','身体磨砂',NULL),(18,2,1,'希思黎舒润柔肤身体乳霜','持久补水滋养',NULL),(19,3,1,'希思黎抗皱修活防晒精华乳','淡化岁月痕迹的防晒产品',NULL),(20,3,1,'希思黎晒后抗皱修活乳','晒后抗老化护理',NULL),(21,3,1,'希思黎修活身体防晒喷雾','卓效防晒',NULL),(22,3,1,'希思黎修活防晒乳','保护肌肤免受日光侵害',NULL),(23,3,1,'希思黎焕白多效日间防护乳','多效合一抵御都市侵袭',NULL),(24,3,1,'希思黎修活防晒隔离乳','卓效防御紫外线伤害 4重功效内外防护',NULL),(25,4,1,'希思黎致臻夜间修护眼部','卓效抗老化眼部精华',NULL),(26,4,1,'希思黎黑玫瑰珍宠滋养','抗老化滋养油',NULL),(27,4,1,'希思黎焕白淡斑精华露','淡化色斑',NULL),(28,4,1,'希思黎睛采眼部遮瑕笔','遮盖黑眼圈',NULL),(29,4,1,'希思黎黑玫瑰焕采精华霜','打造亮弹水润初恋肌',NULL),(30,4,1,'希思黎抗皱修活御致臻颜霜','抗老化御颜',NULL),(31,4,1,'希思黎特润抗皱修活御致臻','肌肤重获紧致饱满',NULL),(32,4,1,'希思黎抗皱修活亮肌精华液','淡化色斑',NULL),(33,4,1,'希思黎抗皱修活淡纹精华液','抗皱修护',NULL),(34,5,2,'希思黎粉底刷','便于补妆 携带方便',NULL),(35,5,2,'希思黎圆形蜜粉刷','柔软刷毛 方便携带',NULL),(36,5,2,'希思黎液粉刷','适用于粉底液',NULL),(37,5,2,'希思黎腮红刷','凸显好气色',NULL),(38,5,2,'希思黎抗皱修活紧致粉底液','长效抗老化 全天候持妆',NULL),(39,5,2,'希思黎漾泽腮红彩笔','膏状腮红',NULL),(40,5,2,'希思黎至美光采底霜','妆前乳 使粉底易于涂抹',NULL),(41,5,2,'希思黎至美修容妆前乳 01','肤色校正妆前乳',NULL),(42,5,2,'希思黎至美修容妆前乳 02','肤色校正妆前乳',NULL),(43,6,2,'希思黎植物星灿防水眼线笔','全天候防水持久质地，8款闪耀色号',NULL),(44,6,2,'希思黎塑型三头眉笔','重塑立体质感，打造完美眉形',NULL),(45,6,2,'希思黎植物塑型眉膏','打造自然、浓密、服帖的眉妆效果。',NULL),(46,6,2,'希思黎植物星灿眼线笔','闪耀经验眼妆',NULL),(47,6,2,'希思黎平角眼影刷','加强眼妆',NULL),(48,6,2,'希思黎斜角眼影刷','加强眼妆',NULL),(49,6,2,'希思黎眼线刷','加强眼妆',NULL),(50,6,2,'希思黎植物美护卷翘睫毛膏','一抹精准用量 浓密，卷翘',NULL),(51,6,2,'希思黎植物丝缎眼线笔','深邃眼眸',NULL),(52,7,2,'希思黎魅惑口红','一款具有护唇功效的口红',NULL),(53,7,2,'希思黎抗氧保湿唇膏','丰盈双唇',NULL),(54,7,2,'希思黎漾泽美唇彩笔','一笔显色，长效持色。',NULL),(55,7,2,'希思黎魅惑口红经典四支装','一款具有护唇功效的口红',NULL),(56,7,2,'希思黎植物莹亮唇膏','丰盈双唇',NULL),(57,7,2,'希思黎植物星灿护唇蜜','卓越璀璨',NULL),(58,7,2,'希思黎植物莹亮润唇蜜','丰盈双唇',NULL),(59,7,2,'希思黎植物凝色唇线笔','勾勒唇线',NULL),(60,8,2,'希思黎植物美护卷翘睫毛膏','一抹精准用量 浓密，卷翘',NULL),(61,8,2,'希思黎植物塑型眉笔','加强妆容',NULL),(62,8,2,'希思黎植物纤柔护肤粉饼','亮泽肤色',NULL),(63,8,2,'希思黎植物纤长睫毛膏','纤长卷翘',NULL),(64,8,2,'希思黎植物星灿护唇蜜','卓越璀璨',NULL),(65,8,2,'希思黎植物炫彩眼影','亮泽眼眸',NULL),(66,8,2,'希思黎植物莹亮唇膏','丰盈双唇',NULL),(67,8,2,'希思黎植物莹亮润唇蜜','丰盈双唇',NULL),(86,8,2,'希思黎舒护润唇霜','唇部护理',NULL);

/*Table structure for table `t_log` */

DROP TABLE IF EXISTS `t_log`;

CREATE TABLE `t_log` (
  `l_id` int(11) NOT NULL AUTO_INCREMENT,
  `l_pic` varchar(100) DEFAULT NULL,
  `l_title` varchar(200) DEFAULT NULL,
  `l_date` date DEFAULT NULL,
  `l_text` text,
  `l_src` varchar(200) DEFAULT NULL,
  PRIMARY KEY (`l_id`)
) ENGINE=InnoDB AUTO_INCREMENT=2 DEFAULT CHARSET=utf8;

/*Data for the table `t_log` */

insert  into `t_log`(`l_id`,`l_pic`,`l_title`,`l_date`,`l_text`,`l_src`) values (1,'banner.png','如何辨别自己肌肤性质','2019-01-27',NULL,'beauty.html');

/*Table structure for table `t_order` */

DROP TABLE IF EXISTS `t_order`;

CREATE TABLE `t_order` (
  `o_id` int(11) NOT NULL AUTO_INCREMENT,
  `o_u_id` char(11) NOT NULL,
  `o_sn` varchar(2000) DEFAULT NULL,
  `o_phone` varchar(20) DEFAULT NULL,
  `o_user` varchar(50) DEFAULT NULL,
  `o_province` varchar(40) DEFAULT NULL,
  `o_city` varchar(40) DEFAULT NULL,
  `o_area` varchar(40) DEFAULT NULL,
  `o_address` varchar(80) DEFAULT NULL,
  `o_method` tinyint(4) DEFAULT NULL,
  `o_money` float(8,2) DEFAULT NULL,
  `shipping_comp_name` varchar(20) DEFAULT NULL,
  `shipping_sn` varchar(50) DEFAULT NULL,
  `shipping_time` datetime DEFAULT NULL,
  `pay_time` datetime DEFAULT NULL,
  `receive_time` datetime DEFAULT NULL,
  `order_point` float(8,2) DEFAULT NULL,
  `order_status` int(11) DEFAULT NULL,
  PRIMARY KEY (`o_id`)
) ENGINE=InnoDB AUTO_INCREMENT=256 DEFAULT CHARSET=utf8;

/*Data for the table `t_order` */

insert  into `t_order`(`o_id`,`o_u_id`,`o_sn`,`o_phone`,`o_user`,`o_province`,`o_city`,`o_area`,`o_address`,`o_method`,`o_money`,`shipping_comp_name`,`shipping_sn`,`shipping_time`,`pay_time`,`receive_time`,`order_point`,`order_status`) values (226,'12345678911','1550912451119','13333333333','阿狸','广东','珠海市','斗门区','国信安',NULL,3490.00,NULL,NULL,NULL,'2019-02-24 15:41:00',NULL,3490.00,30),(227,'12345678911','1550933604804',NULL,NULL,NULL,NULL,NULL,NULL,NULL,5800.00,NULL,NULL,NULL,NULL,NULL,NULL,10),(228,'18349107555','1550934057066',NULL,NULL,NULL,NULL,NULL,NULL,NULL,8310.00,NULL,NULL,NULL,NULL,NULL,NULL,10),(229,'18349107555','1550934057061',NULL,NULL,NULL,NULL,NULL,NULL,NULL,8310.00,NULL,NULL,NULL,NULL,NULL,NULL,10),(230,'18349107555','1550934177084',NULL,NULL,NULL,NULL,NULL,NULL,NULL,8310.00,NULL,NULL,NULL,NULL,NULL,NULL,10),(231,'18349107555','1550934177094',NULL,NULL,NULL,NULL,NULL,NULL,NULL,8310.00,NULL,NULL,NULL,NULL,NULL,NULL,10),(242,'18349107555','1550940257748',NULL,NULL,NULL,NULL,NULL,NULL,NULL,8310.00,NULL,NULL,NULL,NULL,NULL,NULL,10),(243,'18349107555','1550940257748',NULL,NULL,NULL,NULL,NULL,NULL,NULL,8310.00,NULL,NULL,NULL,NULL,NULL,NULL,10),(244,'18349107555','1550940385988',NULL,NULL,NULL,NULL,NULL,NULL,NULL,10500.00,NULL,NULL,NULL,NULL,NULL,NULL,10),(245,'18349107555','1550940399151',NULL,NULL,NULL,NULL,NULL,NULL,NULL,14100.00,NULL,NULL,NULL,NULL,NULL,NULL,10),(246,'18349107555','1550940399151',NULL,NULL,NULL,NULL,NULL,NULL,NULL,14100.00,NULL,NULL,NULL,NULL,NULL,NULL,10),(247,'18349107555','1550942474312',NULL,NULL,NULL,NULL,NULL,NULL,NULL,0.00,NULL,NULL,NULL,NULL,NULL,NULL,10),(248,'18349107555','1550942771919',NULL,NULL,NULL,NULL,NULL,NULL,NULL,0.00,NULL,NULL,NULL,NULL,NULL,NULL,10),(249,'18349107555','1550942985419',NULL,NULL,NULL,NULL,NULL,NULL,NULL,5760.00,NULL,NULL,NULL,NULL,NULL,NULL,10),(250,'18349107555','1550942985419',NULL,NULL,NULL,NULL,NULL,NULL,NULL,5760.00,NULL,NULL,NULL,NULL,NULL,NULL,10),(251,'18349107555','1550943223837',NULL,NULL,NULL,NULL,NULL,NULL,NULL,7000.00,NULL,NULL,NULL,NULL,NULL,NULL,10),(252,'12345678911','1551056562528',NULL,NULL,NULL,NULL,NULL,NULL,NULL,NULL,NULL,NULL,NULL,NULL,NULL,NULL,10),(253,'18349107555','1551057950445',NULL,NULL,NULL,NULL,NULL,NULL,NULL,16950.00,NULL,NULL,NULL,NULL,NULL,NULL,10),(254,'18349107555','1551058181146',NULL,NULL,NULL,NULL,NULL,NULL,NULL,26280.00,NULL,NULL,NULL,NULL,NULL,NULL,10),(255,'18349107555','1551059509851',NULL,NULL,NULL,NULL,NULL,NULL,NULL,26280.00,NULL,NULL,NULL,NULL,NULL,NULL,10);

/*Table structure for table `t_place` */

DROP TABLE IF EXISTS `t_place`;

CREATE TABLE `t_place` (
  `p_id` int(11) NOT NULL AUTO_INCREMENT,
  `p_name` varchar(50) DEFAULT NULL,
  PRIMARY KEY (`p_id`)
) ENGINE=InnoDB AUTO_INCREMENT=6 DEFAULT CHARSET=utf8;

/*Data for the table `t_place` */

insert  into `t_place`(`p_id`,`p_name`) values (1,'脸部'),(2,'身体'),(3,'眼部'),(4,'唇部'),(5,'其它');

/*Table structure for table `t_score` */

DROP TABLE IF EXISTS `t_score`;

CREATE TABLE `t_score` (
  `l_id` int(11) NOT NULL AUTO_INCREMENT,
  `l_u_id` varchar(20) NOT NULL,
  `l_score` int(11) NOT NULL,
  PRIMARY KEY (`l_id`)
) ENGINE=InnoDB AUTO_INCREMENT=7 DEFAULT CHARSET=utf8;

/*Data for the table `t_score` */

insert  into `t_score`(`l_id`,`l_u_id`,`l_score`) values (1,'12345678911',6980),(2,'18349107555',0),(3,'18349107486',0),(4,'15184467763',0),(5,'13281766053',0),(6,'18349107446',0);

/*Table structure for table `t_series` */

DROP TABLE IF EXISTS `t_series`;

CREATE TABLE `t_series` (
  `s_id` int(10) NOT NULL AUTO_INCREMENT,
  `s_name` varchar(50) NOT NULL,
  PRIMARY KEY (`s_id`)
) ENGINE=InnoDB AUTO_INCREMENT=5 DEFAULT CHARSET=utf8;

/*Data for the table `t_series` */

insert  into `t_series`(`s_id`,`s_name`) values (1,'护肤'),(2,'彩妆'),(3,'香氛'),(4,'男士');

/*Table structure for table `t_specifications` */

DROP TABLE IF EXISTS `t_specifications`;

CREATE TABLE `t_specifications` (
  `sp_id` int(11) NOT NULL AUTO_INCREMENT,
  `g_id` int(11) NOT NULL,
  `sp_name` varchar(80) NOT NULL,
  PRIMARY KEY (`sp_id`)
) ENGINE=InnoDB DEFAULT CHARSET=utf8;

/*Data for the table `t_specifications` */

/*Table structure for table `t_user` */

DROP TABLE IF EXISTS `t_user`;

CREATE TABLE `t_user` (
  `u_id` int(11) NOT NULL AUTO_INCREMENT,
  `u_phone` char(11) NOT NULL,
  `u_pwd` varchar(80) NOT NULL,
  `u_email` varchar(80) DEFAULT NULL,
  `u_sex` varchar(80) DEFAULT NULL,
  `u_date` date DEFAULT NULL,
  `u_nickname` varchar(80) DEFAULT NULL,
  PRIMARY KEY (`u_id`)
) ENGINE=InnoDB AUTO_INCREMENT=36 DEFAULT CHARSET=utf8;

/*Data for the table `t_user` */

insert  into `t_user`(`u_id`,`u_phone`,`u_pwd`,`u_email`,`u_sex`,`u_date`,`u_nickname`) values (2,'18349107555','123','821501237@qq.com','女','1998-09-16','无聊到底'),(3,'18349107486','123456','821452367@qq.com','男','1997-02-06','一反木绵'),(4,'12345678911','123','821452367@qq.com','男','2019-02-20','测试用1'),(25,'15184467763','111','82516@qq.com','男','1993-02-14','lhy'),(26,'13281766053','123456','85262@qq.com','女','1991-02-14','wang'),(35,'18349107446','111','85262111@qq.com','女','2000-02-14','思无邪');

/*Table structure for table `t_xptj` */

DROP TABLE IF EXISTS `t_xptj`;

CREATE TABLE `t_xptj` (
  `xptj_id` int(10) NOT NULL,
  `xptj_name` varchar(50) NOT NULL,
  `xptj_imgSrc` varchar(100) NOT NULL,
  `xptj_class` varchar(50) DEFAULT NULL,
  PRIMARY KEY (`xptj_id`,`xptj_name`,`xptj_imgSrc`)
) ENGINE=InnoDB DEFAULT CHARSET=utf8;

/*Data for the table `t_xptj` */

insert  into `t_xptj`(`xptj_id`,`xptj_name`,`xptj_imgSrc`,`xptj_class`) values (1,'希思黎全能乳液','0122_bestseller_pc_02.jpg','1'),(2,'黑玫瑰焕采精华霜','0122_bestseller_pc_03.jpg','1'),(3,'花香润肤水','0122_bestseller_pc_04.jpg','1'),(4,'抗皱修活御致臻颜霜','0122_bestseller_pc_05.jpg','1'),(5,'抗皱修活御致眼唇霜','0122_bestseller_pc_06.jpg','1'),(6,'日间呵护精华乳','0122_bestseller_pc_07.jpg','1'),(7,'黑玫瑰珍宠滋养精华油','0122_bestseller_pc_08.jpg','1'),(8,'黑玫瑰焕采紧致面膜','0122_bestseller_pc_09.jpg','1'),(9,'致臻夜间修护眼部精华露','0122_bestseller_pc_10.jpg','1'),(10,'轻柔粉底液','0122_bestseller_pc_11.jpg','1'),(12,'抗皱修活御致眼唇霜','1228_laa_04.jpg','3'),(13,'植物净颜洁肤面膜','1228_jy_03.jpg','5'),(14,'植物净颜平衡化妆水','1228_jy_04.jpg','5'),(15,'植物净颜平衡洁面露','1228_jy_05.jpg','5'),(16,'植物净颜平衡精华露','1228_jy_06.jpg','5'),(17,'植物净颜平衡保湿乳','1228_jy_07.jpg','5'),(18,'致臻夜间修复精华霜','1228_longevity_06.jpg','6');

/*Table structure for table `t_xptj_class` */

DROP TABLE IF EXISTS `t_xptj_class`;

CREATE TABLE `t_xptj_class` (
  `c_xptj_id` int(20) NOT NULL,
  `c_xptj_name` varchar(100) NOT NULL,
  `c_xptj_imgSrc` varchar(100) NOT NULL,
  PRIMARY KEY (`c_xptj_id`,`c_xptj_name`,`c_xptj_imgSrc`)
) ENGINE=InnoDB DEFAULT CHARSET=utf8;

/*Data for the table `t_xptj_class` */

insert  into `t_xptj_class`(`c_xptj_id`,`c_xptj_name`,`c_xptj_imgSrc`) values (1,'畅销榜单','recommend-01.jpg'),(2,'品牌故事','recommend-04.jpg'),(3,'抗皱修活御致眼唇霜','recommend-03.jpg'),(4,'黑玫瑰焕采精华霜','recommend-02.jpg'),(5,'植物净颜系列','recommend-07.jpg'),(6,'金钻晚霜','recommend-08.jpg');

/*Table structure for table `tz_gwzx` */

DROP TABLE IF EXISTS `tz_gwzx`;

CREATE TABLE `tz_gwzx` (
  `tz_id` int(11) NOT NULL,
  `tz_name` varchar(200) DEFAULT NULL,
  `tz_imgSrc` varchar(200) DEFAULT NULL,
  PRIMARY KEY (`tz_id`)
) ENGINE=InnoDB DEFAULT CHARSET=utf8;

/*Data for the table `tz_gwzx` */

insert  into `tz_gwzx`(`tz_id`,`tz_name`,`tz_imgSrc`) values (1,'希思黎全能乳液','0121_pc_07.png'),(2,'希思黎全能乳液60ML','0121_pc_08.png'),(3,'抗皱修活精华水','0121_pc_18.jpg'),(4,'抗皱修活御致眼唇霜','0121_pc_19.jpg'),(5,'御致臻颜经典套装','0121_pc_20.jpg'),(6,'抗皱修活体验套装','0121_pc_21.jpg');

/*Table structure for table `warehouse_product` */

DROP TABLE IF EXISTS `warehouse_product`;

CREATE TABLE `warehouse_product` (
  `wp_id` int(11) NOT NULL AUTO_INCREMENT,
  `g_id` int(11) NOT NULL,
  `current_cnt` int(11) NOT NULL,
  `modified_time` datetime NOT NULL,
  `wp_date` date NOT NULL,
  `wp_code` varchar(50) NOT NULL,
  PRIMARY KEY (`wp_id`)
) ENGINE=InnoDB DEFAULT CHARSET=utf8;

/*Data for the table `warehouse_product` */

/*!40101 SET SQL_MODE=@OLD_SQL_MODE */;
/*!40014 SET FOREIGN_KEY_CHECKS=@OLD_FOREIGN_KEY_CHECKS */;
/*!40014 SET UNIQUE_CHECKS=@OLD_UNIQUE_CHECKS */;
/*!40111 SET SQL_NOTES=@OLD_SQL_NOTES */;
